Image_path;Image_path;Insurance_company;Cost_of_vehicle;Min_coverage;Expiry_date;Max_coverage;Condition;Amount
img_45123.jpg;45123;O;42700.0;1067.5;28-04-28;37186.68;0;0.0
img_451186.jpg;451186;C;28500.0;712.5;24-09-22;24832.68;0;0.0
img_451308.jpg;451308;A;49500.0;1237.5;11-08-22;43102.68;0;0.0
img_451397.jpg;451397;O;47200.0;1180.0;07-03-24;41101.68;0;0.0
img_451490.jpg;451490;BQ;33300.0;832.5;15-08-24;29008.68;0;0.0
img_451549.jpg;451549;C;24400.0;610.0;20-07-28;21265.68;0;0.0
img_451799.jpg;451799;BC;52500.0;1312.5;23-11-23;45712.68;0;0.0
img_453178.jpg;453178;BB;30800.0;770.0;12-06-22;26833.68;0;0.0
img_453360.jpg;453360;BB;38400.0;960.0;02-06-25;33445.68;0;0.0
img_453456.jpg;453456;A;53400.0;1335.0;20-10-28;46495.68;0;0.0
img_453565.jpg;453565;AA;52100.0;1302.5;02-12-22;45364.68;0;0.0
img_463653.jpg;463653;DA;28700.0;717.5;13-09-24;25006.68;0;0.0
img_463730.jpg;463730;AC;51600.0;1290.0;09-12-26;44929.68;0;0.0
img_776823.jpg;776823;O;44000.0;1100.0;05-12-25;38317.68;0;0.0
img_4511041.jpg;4511041;C;50800.0;1270.0;09-03-27;44233.68;0;0.0
img_4511208.jpg;4511208;A;32700.0;817.5;30-05-26;28486.68;0;0.0
img_4511569.jpg;4511569;BQ;31200.0;780.0;02-10-22;27181.68;0;0.0
img_4511760.jpg;4511760;BQ;43300.0;1082.5;16-04-28;37708.68;0;0.0
img_4512307.jpg;4512307;B;28700.0;717.5;09-02-25;25006.68;0;0.0
img_4512529.jpg;4512529;A;45400.0;1135.0;11-08-25;39535.68;0;0.0
img_4513009.jpg;4513009;DA;36700.0;917.5;16-11-21;31966.68;0;0.0
img_4513058.jpg;4513058;BQ;47900.0;1197.5;15-05-22;41710.68;0;0.0
img_4513168.jpg;4513168;O;35000.0;875.0;24-03-22;30487.68;0;0.0
img_4513328.jpg;4513328;B;45400.0;1135.0;28-04-26;39535.68;0;0.0
img_4513344.jpg;4513344;BC;39600.0;990.0;22-12-25;34489.68;0;0.0
img_4513423.jpg;4513423;BB;53400.0;1335.0;08-12-24;46495.68;0;0.0
img_4513976.jpg;4513976;BQ;41500.0;1037.5;03-12-26;36142.68;0;0.0
img_4514159.jpg;4514159;BC;50200.0;1255.0;19-03-25;43711.68;0;0.0
img_4514501.jpg;4514501;O;23200.0;580.0;17-04-28;5878.0;1;8636.0
img_4514527.jpg;4514527;O;46400.0;1160.0;16-09-26;11678.0;1;382.0
img_4514532.jpg;4514532;RE;25600.0;640.0;25-07-25;6478.0;1;2417.0
img_4514546.jpg;4514546;BQ;;;14-05-23;;1;9353.0
img_4514547.jpg;4514547;DA;36000.0;900.0;28-04-23;9078.0;1;9491.0
img_4514561.jpg;4514561;O;42700.0;1067.5;29-02-28;10753.0;1;1623.0
img_4514588.jpg;4514588;AC;;;16-03-24;;1;5250.0
img_4514598.jpg;4514598;BC;27900.0;697.5;19-04-25;7053.0;1;3829.0
img_4514603.jpg;4514603;RE;41400.0;1035.0;28-05-26;10428.0;1;4783.0
img_4514606.jpg;4514606;RE;35000.0;875.0;21-09-25;8828.0;1;3960.0
img_4514612.jpg;4514612;AA;46400.0;1160.0;21-12-23;11678.0;1;494.0
img_4514629.jpg;4514629;AA;25400.0;635.0;17-10-26;6428.0;1;1456.0
img_4514646.jpg;4514646;BB;39900.0;997.5;07-08-24;10053.0;1;382.0
img_4514648.jpg;4514648;BQ;37200.0;930.0;16-06-25;9378.0;1;5310.0
img_4514653.jpg;4514653;AA;40200.0;1005.0;04-01-22;10128.0;1;2941.0
img_4514658.jpg;4514658;DA;51200.0;1280.0;17-12-27;12878.0;1;2473.0
img_4514663.jpg;4514663;B;31400.0;785.0;11-11-23;7928.0;1;4000.0
img_4514696.jpg;4514696;BB;42600.0;1065.0;10-11-23;37099.68;0;0.0
img_4514709.jpg;4514709;B;23700.0;592.5;05-11-27;20656.68;0;0.0
img_4514715.jpg;4514715;BQ;53400.0;1335.0;10-01-25;13428.0;1;3324.0
img_4514720.jpg;4514720;RE;41900.0;1047.5;26-05-22;10553.0;1;8574.0
img_4514749.jpg;4514749;B;44600.0;1115.0;21-07-28;11228.0;1;5858.0
img_4514751.jpg;4514751;BB;25800.0;645.0;15-01-27;6528.0;1;4359.0
img_4514772.jpg;4514772;B;37500.0;937.5;16-06-27;9453.0;1;9212.0
img_4514779.jpg;4514779;AC;50700.0;1267.5;05-11-21;12753.0;1;4349.0
img_4514786.jpg;4514786;AC;47800.0;1195.0;20-11-28;12028.0;1;674.0
img_4514832.jpg;4514832;AA;27100.0;677.5;01-11-22;6853.0;1;3070.0
img_4514864.jpg;4514864;A;42800.0;1070.0;16-12-26;10778.0;1;8450.0
img_4514893.jpg;4514893;AA;33000.0;825.0;11-06-24;8328.0;1;4389.0
img_4514894.jpg;4514894;DA;24900.0;622.5;18-09-26;6303.0;1;3875.0
img_4514917.jpg;4514917;DA;;;02-05-23;;1;5922.0
img_4514957.jpg;4514957;BB;39300.0;982.5;20-09-23;9903.0;1;4204.0
img_4514974.jpg;4514974;BQ;48100.0;1202.5;23-03-23;12103.0;1;8968.0
img_4514998.jpg;4514998;BB;31800.0;795.0;31-01-25;8028.0;1;5552.0
img_4515002.jpg;4515002;BB;38800.0;970.0;10-01-24;9778.0;1;2535.0
img_4515006.jpg;4515006;RE;50900.0;1272.5;22-03-23;12803.0;1;5490.0
img_4515058.jpg;4515058;BC;23900.0;597.5;05-06-28;6053.0;1;533.0
img_4515065.jpg;4515065;AA;26600.0;665.0;21-05-22;6728.0;1;791.0
img_4515082.jpg;4515082;AC;22900.0;572.5;29-07-25;5803.0;1;3592.0
img_4515084.jpg;4515084;B;50400.0;1260.0;09-05-27;12678.0;1;4507.0
img_4515101.jpg;4515101;A;33200.0;830.0;10-10-22;8378.0;1;8734.0
img_4515115.jpg;4515115;BB;;;02-06-23;;1;8562.0
img_4515160.jpg;4515160;DA;38700.0;967.5;09-05-23;9753.0;1;1726.0
img_4515172.jpg;4515172;C;45500.0;1137.5;16-11-24;11453.0;1;7500.0
img_4515178.jpg;4515178;C;26900.0;672.5;25-04-23;6803.0;1;556.0
img_4515179.jpg;4515179;AA;44500.0;1112.5;10-02-25;11203.0;1;1181.0
img_4515205.jpg;4515205;AA;27400.0;685.0;14-09-27;6928.0;1;4195.0
img_4515215.jpg;4515215;AA;31100.0;777.5;01-05-25;7853.0;1;6510.0
img_4515218.jpg;4515218;AC;33500.0;837.5;20-07-23;8453.0;1;563.0
img_4515227.jpg;4515227;BC;52800.0;1320.0;19-05-24;13278.0;1;5515.0
img_4515232.jpg;4515232;BB;43700.0;1092.5;09-03-23;11003.0;1;2443.0
img_4515236.jpg;4515236;C;43700.0;1092.5;26-10-26;11003.0;1;3289.0
img_4515238.jpg;4515238;BQ;44300.0;1107.5;21-03-24;11153.0;1;1997.0
img_4515244.jpg;4515244;C;30700.0;767.5;15-11-21;7753.0;1;2679.0
img_4515247.jpg;4515247;RE;23400.0;585.0;16-03-23;5928.0;1;5585.0
img_4515282.jpg;4515282;B;51800.0;1295.0;06-06-26;13028.0;1;5987.0
img_4515289.jpg;4515289;BB;46000.0;1150.0;28-02-28;11578.0;1;640.0
img_4515300.jpg;4515300;AC;24900.0;622.5;01-02-28;6303.0;1;9903.0
img_4515301.jpg;4515301;BB;32800.0;820.0;01-09-26;8278.0;1;4531.0
img_4515331.jpg;4515331;BC;45400.0;1135.0;06-09-25;11428.0;1;6314.0
img_4515334.jpg;4515334;BC;48900.0;1222.5;18-03-22;12303.0;1;5769.0
img_4515380.jpg;4515380;BB;48500.0;1212.5;31-07-27;12203.0;1;3157.0
img_4515385.jpg;4515385;AA;;;03-12-28;;1;2450.0
img_4515403.jpg;4515403;O;52800.0;1320.0;01-11-22;13278.0;1;968.0
img_4515407.jpg;4515407;RE;23400.0;585.0;10-05-28;5928.0;1;631.0
img_4515408.jpg;4515408;C;22600.0;565.0;17-09-28;5728.0;1;4166.0
img_4515414.jpg;4515414;B;;;19-03-23;;1;3212.0
img_4515455.jpg;4515455;BC;49900.0;1247.5;03-07-22;12553.0;1;2637.0
img_4515475.jpg;4515475;DA;41100.0;1027.5;15-11-21;10353.0;1;299.0
img_4515485.jpg;4515485;B;48700.0;1217.5;19-12-28;12253.0;1;4508.0
img_4515506.jpg;4515506;O;48400.0;1210.0;28-03-23;12178.0;1;2337.0
img_4515536.jpg;4515536;O;29100.0;727.5;21-08-26;7353.0;1;6251.0
img_4515550.jpg;4515550;BC;44000.0;1100.0;23-08-26;11078.0;1;8416.0
img_4515569.jpg;4515569;RE;31100.0;777.5;12-03-26;7853.0;1;2852.0
img_4515581.jpg;4515581;BQ;25300.0;632.5;08-02-23;6403.0;1;3214.0
img_4515592.jpg;4515592;AA;32400.0;810.0;21-11-27;8178.0;1;3039.0
img_4515603.jpg;4515603;RE;23300.0;582.5;08-03-27;5903.0;1;8211.0
img_4515645.jpg;4515645;DA;28300.0;707.5;17-01-24;7153.0;1;4543.0
img_4515664.jpg;4515664;B;31600.0;790.0;23-03-25;7978.0;1;2793.0
img_4515675.jpg;4515675;RE;46500.0;1162.5;28-12-22;11703.0;1;5554.0
img_4515709.jpg;4515709;O;27900.0;697.5;07-11-26;7053.0;1;7218.0
img_4515722.jpg;4515722;A;37300.0;932.5;03-05-27;32488.68;0;0.0
img_4515727.jpg;4515727;B;23600.0;590.0;07-10-26;5978.0;1;
img_4515734.jpg;4515734;AA;39900.0;997.5;18-07-22;10053.0;1;351.0
img_4515754.jpg;4515754;O;47700.0;1192.5;06-04-28;12003.0;1;6326.0
img_4515759.jpg;4515759;C;34500.0;862.5;20-06-24;8703.0;1;3010.0
img_4515772.jpg;4515772;C;25400.0;635.0;21-02-24;6428.0;1;768.0
img_4515825.jpg;4515825;BC;34600.0;865.0;17-11-22;8728.0;1;3778.0
img_4515836.jpg;4515836;BB;31400.0;785.0;28-01-25;7928.0;1;5123.0
img_4515853.jpg;4515853;O;43300.0;1082.5;07-09-26;10903.0;1;7888.0
img_4515867.jpg;4515867;BQ;24600.0;615.0;15-05-26;21439.68;0;0.0
img_4515895.jpg;4515895;A;30600.0;765.0;17-03-27;7728.0;1;2851.0
img_4515896.jpg;4515896;C;;;08-07-24;;1;3501.0
img_4515908.jpg;4515908;RE;41200.0;1030.0;27-05-25;10378.0;1;5716.0
img_4515911.jpg;4515911;AC;28200.0;705.0;24-12-28;7128.0;1;3880.0
img_4515942.jpg;4515942;C;48200.0;1205.0;02-06-25;12128.0;1;3343.0
img_4515944.jpg;4515944;O;25900.0;647.5;17-06-26;6553.0;1;5534.0
img_4515952.jpg;4515952;DA;50400.0;1260.0;15-05-28;12678.0;1;9097.0
img_4515983.jpg;4515983;B;28200.0;705.0;27-08-27;7128.0;1;7246.0
img_4515999.jpg;4515999;B;;;07-04-24;;1;3676.0
img_4516010.jpg;4516010;C;25100.0;627.5;13-06-28;6353.0;1;2985.0
img_4516021.jpg;4516021;BB;49500.0;1237.5;11-02-24;12453.0;1;5326.0
img_4516025.jpg;4516025;A;;;08-09-22;;1;6615.0
img_4516048.jpg;4516048;B;47500.0;1187.5;30-01-23;11953.0;1;4421.0
img_4516058.jpg;4516058;DA;23100.0;577.5;08-06-23;5853.0;1;9634.0
img_4516074.jpg;4516074;C;32700.0;817.5;30-04-26;8253.0;1;459.0
img_4516112.jpg;4516112;A;30400.0;760.0;12-12-21;7678.0;1;3592.0
img_4516119.jpg;4516119;AC;24500.0;612.5;05-01-27;6203.0;1;8638.0
img_4516133.jpg;4516133;AA;46500.0;1162.5;23-12-22;11703.0;1;6715.0
img_4516142.jpg;4516142;AC;26200.0;655.0;28-01-23;6628.0;1;5185.0
img_4516171.jpg;4516171;RE;24100.0;602.5;09-09-26;6103.0;1;4755.0
img_4516183.jpg;4516183;BB;30100.0;752.5;24-11-21;7603.0;1;3467.0
img_4516186.jpg;4516186;C;;;17-08-22;;1;3287.0
img_4516202.jpg;4516202;O;44700.0;1117.5;04-03-26;11253.0;1;2652.0
img_4516228.jpg;4516228;C;27900.0;697.5;31-07-24;7053.0;1;8549.0
img_4516248.jpg;4516248;C;40100.0;1002.5;04-09-26;10103.0;1;3553.0
img_4516252.jpg;4516252;A;27300.0;682.5;19-12-27;6903.0;1;4962.0
img_4516268.jpg;4516268;B;35500.0;887.5;01-01-27;8953.0;1;6807.0
img_4516286.jpg;4516286;A;23500.0;587.5;24-01-22;5953.0;1;453.0
img_4516301.jpg;4516301;RE;47400.0;1185.0;27-02-22;11928.0;1;694.0
img_4516303.jpg;4516303;BC;33700.0;842.5;06-12-27;8503.0;1;444.0
img_4516305.jpg;4516305;RE;;;23-08-26;;1;5725.0
img_4516307.jpg;4516307;BC;45300.0;1132.5;11-01-28;39448.68;0;0.0
img_4516312.jpg;4516312;AC;24900.0;622.5;01-01-23;6303.0;1;6404.0
img_4516319.jpg;4516319;C;47100.0;1177.5;18-05-28;11853.0;1;3065.0
img_4516363.jpg;4516363;O;35500.0;887.5;11-11-28;8953.0;1;9093.0
img_4516386.jpg;4516386;O;42800.0;1070.0;13-10-22;10778.0;1;4046.0
img_4516388.jpg;4516388;BB;23100.0;577.5;14-08-28;5853.0;1;4013.0
img_4516408.jpg;4516408;BB;28000.0;700.0;03-11-26;7078.0;1;5499.0
img_4516418.jpg;4516418;AC;51700.0;1292.5;26-07-24;13003.0;1;3155.0
img_4516444.jpg;4516444;B;30100.0;752.5;08-08-22;7603.0;1;4455.0
img_4516447.jpg;4516447;C;42000.0;1050.0;18-11-28;10578.0;1;3163.0
img_4516476.jpg;4516476;DA;41800.0;1045.0;08-08-24;10528.0;1;6516.0
img_4516483.jpg;4516483;BQ;28900.0;722.5;18-12-25;7303.0;1;4904.0
img_4516489.jpg;4516489;RE;53200.0;1330.0;16-07-24;13378.0;1;5265.0
img_4516490.jpg;4516490;AA;49000.0;1225.0;04-04-25;12328.0;1;665.0
img_4516496.jpg;4516496;AC;43300.0;1082.5;14-04-24;10903.0;1;5491.0
img_4516507.jpg;4516507;DA;42900.0;1072.5;10-10-27;10803.0;1;5829.0
img_4516526.jpg;4516526;A;47400.0;1185.0;25-01-23;11928.0;1;2931.0
img_4516553.jpg;4516553;C;30400.0;760.0;25-10-28;7678.0;1;4242.0
img_4516582.jpg;4516582;DA;26800.0;670.0;27-10-27;6778.0;1;4973.0
img_4516583.jpg;4516583;BB;39800.0;995.0;25-03-24;10028.0;1;3907.0
img_4516605.jpg;4516605;BB;24300.0;607.5;16-06-25;6153.0;1;2300.0
img_4516620.jpg;4516620;AA;43300.0;1082.5;08-11-24;10903.0;1;3524.0
img_4516647.jpg;4516647;RE;47600.0;1190.0;20-04-26;11978.0;1;5312.0
img_4516658.jpg;4516658;DA;41200.0;1030.0;30-07-22;10378.0;1;10193.0
img_4516671.jpg;4516671;C;29800.0;745.0;27-12-26;7528.0;1;3580.0
img_4516674.jpg;4516674;AA;33500.0;837.5;23-08-23;8453.0;1;3804.0
img_4516685.jpg;4516685;AC;30100.0;752.5;25-04-28;7603.0;1;6385.0
img_4516723.jpg;4516723;BC;40800.0;1020.0;03-04-22;10278.0;1;7009.0
img_4516724.jpg;4516724;AC;28800.0;720.0;17-10-25;7278.0;1;100.0
img_4516728.jpg;4516728;C;30000.0;750.0;16-03-25;7578.0;1;4483.0
img_4516762.jpg;4516762;AA;;;18-08-26;;1;3765.0
img_4516764.jpg;4516764;BC;45800.0;1145.0;09-08-23;11528.0;1;10510.0
img_4516805.jpg;4516805;A;39000.0;975.0;22-06-23;9828.0;1;5761.0
img_4516807.jpg;4516807;O;48300.0;1207.5;11-09-27;12153.0;1;4841.0
img_4516820.jpg;4516820;B;;;03-12-25;;1;6041.0
img_4516826.jpg;4516826;RE;35600.0;890.0;06-08-27;8978.0;1;5999.0
img_4516828.jpg;4516828;C;41000.0;1025.0;22-12-21;10328.0;1;9514.0
img_4516833.jpg;4516833;AA;50800.0;1270.0;22-12-24;12778.0;1;5416.0
img_4516834.jpg;4516834;O;27400.0;685.0;22-02-22;6928.0;1;3302.0
img_4516846.jpg;4516846;RE;43600.0;1090.0;18-04-25;10978.0;1;2863.0
img_4516867.jpg;4516867;DA;27700.0;692.5;08-12-28;7003.0;1;2860.0
img_4516880.jpg;4516880;BC;27200.0;680.0;21-01-27;6878.0;1;4184.0
img_4516885.jpg;4516885;BC;30200.0;755.0;24-02-22;7628.0;1;729.0
img_4516897.jpg;4516897;BQ;48000.0;1200.0;13-04-28;12078.0;1;611.0
img_4516912.jpg;4516912;BB;41500.0;1037.5;09-06-23;10453.0;1;5716.0
img_4516919.jpg;4516919;A;28700.0;717.5;13-10-22;7253.0;1;7833.0
img_4516939.jpg;4516939;RE;48600.0;1215.0;31-10-22;12228.0;1;5992.0
img_4516954.jpg;4516954;BB;33000.0;825.0;20-03-27;8328.0;1;6767.0
img_4516999.jpg;4516999;BQ;;;24-10-22;;1;8206.0
img_4517013.jpg;4517013;A;48400.0;1210.0;31-07-28;12178.0;1;1020.0
img_4517037.jpg;4517037;RE;45000.0;1125.0;26-11-24;11328.0;1;5425.0
img_4517087.jpg;4517087;DA;30600.0;765.0;19-03-23;7728.0;1;2436.0
img_4517089.jpg;4517089;DA;43100.0;1077.5;05-10-24;10853.0;1;4066.0
img_4517137.jpg;4517137;DA;40800.0;1020.0;25-02-26;10278.0;1;200.0
img_4517138.jpg;4517138;BB;25600.0;640.0;15-06-23;6478.0;1;6056.0
img_4517147.jpg;4517147;BB;23400.0;585.0;03-09-27;5928.0;1;3841.0
img_4517155.jpg;4517155;C;39700.0;992.5;03-07-27;10003.0;1;9797.0
img_4517173.jpg;4517173;AC;27700.0;692.5;11-01-25;7003.0;1;406.0
img_4517202.jpg;4517202;B;45900.0;1147.5;17-10-24;11553.0;1;6170.0
img_4517226.jpg;4517226;AA;35000.0;875.0;26-01-26;8828.0;1;6171.0
img_4517239.jpg;4517239;AA;27700.0;692.5;17-08-22;7003.0;1;
img_4517246.jpg;4517246;AC;35000.0;875.0;06-06-27;8828.0;1;536.0
img_4517267.jpg;4517267;RE;41600.0;1040.0;06-11-24;10478.0;1;948.0
img_4517279.jpg;4517279;BB;51700.0;1292.5;13-01-22;13003.0;1;634.0
img_4517287.jpg;4517287;AA;30500.0;762.5;19-09-22;7703.0;1;5000.0
img_4517305.jpg;4517305;RE;45200.0;1130.0;31-01-27;11378.0;1;3531.0
img_4517320.jpg;4517320;O;53100.0;1327.5;13-11-28;13353.0;1;2832.0
img_4517327.jpg;4517327;BQ;;;02-10-22;;1;5462.0
img_4517331.jpg;4517331;AC;52500.0;1312.5;27-03-27;13203.0;1;6636.0
img_4517333.jpg;4517333;RE;50200.0;1255.0;18-12-23;12628.0;1;4385.0
img_4517337.jpg;4517337;AA;31500.0;787.5;13-04-23;7953.0;1;5946.0
img_4517357.jpg;4517357;C;32500.0;812.5;04-02-28;8203.0;1;744.0
img_4517377.jpg;4517377;AA;45100.0;1127.5;29-11-26;11353.0;1;7191.0
img_4517383.jpg;4517383;C;42000.0;1050.0;01-04-26;10578.0;1;6259.0
img_4517388.jpg;4517388;B;39900.0;997.5;25-06-28;10053.0;1;5177.0
img_4517432.jpg;4517432;BB;43400.0;1085.0;06-09-28;10928.0;1;4852.0
img_4517434.jpg;4517434;O;23500.0;587.5;18-06-24;5953.0;1;819.0
img_4517436.jpg;4517436;DA;45200.0;1130.0;01-12-25;11378.0;1;6012.0
img_4517483.jpg;4517483;AC;50200.0;1255.0;27-06-22;12628.0;1;4391.0
img_4517486.jpg;4517486;AC;45300.0;1132.5;13-05-24;11403.0;1;3922.0
img_4517490.jpg;4517490;AA;45200.0;1130.0;25-03-27;11378.0;1;7832.0
img_4517509.jpg;4517509;BQ;24500.0;612.5;07-08-28;6203.0;1;5599.0
img_4517533.jpg;4517533;C;52800.0;1320.0;21-09-27;13278.0;1;480.0
img_4517535.jpg;4517535;BB;34400.0;860.0;02-08-27;8678.0;1;3815.0
img_4517543.jpg;4517543;BC;29700.0;742.5;15-05-23;7503.0;1;6650.0
img_4517571.jpg;4517571;B;48000.0;1200.0;02-03-23;12078.0;1;538.0
img_4517580.jpg;4517580;A;42000.0;1050.0;11-02-25;10578.0;1;6864.0
img_4517584.jpg;4517584;RE;49100.0;1227.5;14-12-21;12353.0;1;5713.0
img_4517603.jpg;4517603;A;47100.0;1177.5;23-01-23;11853.0;1;4839.0
img_4517623.jpg;4517623;AA;35900.0;897.5;21-11-25;9053.0;1;5177.0
img_4517626.jpg;4517626;BQ;43200.0;1080.0;11-02-28;10878.0;1;400.0
img_4517635.jpg;4517635;B;29400.0;735.0;06-02-25;7428.0;1;3917.0
img_4517645.jpg;4517645;AA;27200.0;680.0;28-08-25;6878.0;1;2392.0
img_4517647.jpg;4517647;AC;45100.0;1127.5;03-07-22;11353.0;1;6483.0
img_4517649.jpg;4517649;A;36000.0;900.0;08-03-27;9078.0;1;8503.0
img_4517650.jpg;4517650;AC;25900.0;647.5;24-05-26;6553.0;1;5673.0
img_4517683.jpg;4517683;AC;26200.0;655.0;23-11-24;6628.0;1;8419.0
img_4517704.jpg;4517704;BB;;;29-08-26;;1;6224.0
img_4517706.jpg;4517706;BC;33900.0;847.5;12-12-22;8553.0;1;956.0
img_4517719.jpg;4517719;AC;24400.0;610.0;05-07-26;6178.0;1;4145.0
img_4517749.jpg;4517749;B;48700.0;1217.5;17-12-24;12253.0;1;3608.0
img_4517763.jpg;4517763;C;38300.0;957.5;05-11-25;9653.0;1;3075.0
img_4517765.jpg;4517765;O;49300.0;1232.5;21-12-24;12403.0;1;6656.0
img_4517780.jpg;4517780;DA;30400.0;760.0;13-05-23;7678.0;1;2949.0
img_4517781.jpg;4517781;C;39800.0;995.0;12-07-27;10028.0;1;435.0
img_4517804.jpg;4517804;BB;52200.0;1305.0;17-03-27;13128.0;1;890.0
img_4517828.jpg;4517828;AA;32500.0;812.5;13-12-28;8203.0;1;8943.0
img_4517841.jpg;4517841;AA;30200.0;755.0;08-10-27;26311.68;0;0.0
img_4517862.jpg;4517862;AC;34500.0;862.5;04-10-28;8703.0;1;3705.0
img_4517867.jpg;4517867;AA;50500.0;1262.5;21-07-27;12703.0;1;5646.0
img_4517871.jpg;4517871;B;36000.0;900.0;26-07-27;9078.0;1;5423.0
img_4517878.jpg;4517878;BB;35100.0;877.5;25-07-25;8853.0;1;839.0
img_4517905.jpg;4517905;BQ;36500.0;912.5;08-02-27;9203.0;1;3704.0
img_4517932.jpg;4517932;AC;52100.0;1302.5;21-01-25;13103.0;1;2827.0
img_4517951.jpg;4517951;A;35600.0;890.0;10-05-28;8978.0;1;2717.0
img_4517954.jpg;4517954;AC;37000.0;925.0;03-01-22;9328.0;1;2504.0
img_4517974.jpg;4517974;C;30400.0;760.0;08-02-28;7678.0;1;4851.0
img_4517985.jpg;4517985;B;37300.0;932.5;13-12-27;9403.0;1;1516.0
img_4518002.jpg;4518002;BB;25000.0;625.0;22-12-25;6328.0;1;2550.0
img_4518028.jpg;4518028;A;30200.0;755.0;13-05-25;7628.0;1;4845.0
img_4518055.jpg;4518055;RE;49600.0;1240.0;26-12-28;12478.0;1;4487.0
img_4518065.jpg;4518065;RE;25200.0;630.0;13-11-28;6378.0;1;
img_4518084.jpg;4518084;BB;47500.0;1187.5;14-06-28;11953.0;1;8232.0
img_4518126.jpg;4518126;RE;35900.0;897.5;14-03-28;9053.0;1;6347.0
img_4518130.jpg;4518130;C;23900.0;597.5;02-05-22;6053.0;1;660.0
img_4518142.jpg;4518142;RE;44900.0;1122.5;12-11-21;11303.0;1;4043.0
img_4518146.jpg;4518146;AC;31700.0;792.5;10-01-28;27616.68;0;0.0
img_4518177.jpg;4518177;C;24300.0;607.5;05-12-23;6153.0;1;500.0
img_4518199.jpg;4518199;BC;35700.0;892.5;16-11-27;9003.0;1;2228.0
img_4518225.jpg;4518225;BQ;43400.0;1085.0;04-03-28;10928.0;1;475.0
img_4518247.jpg;4518247;BC;25400.0;635.0;31-07-27;6428.0;1;5716.0
img_4518251.jpg;4518251;O;47100.0;1177.5;01-03-23;11853.0;1;3853.0
img_4518268.jpg;4518268;B;23000.0;575.0;13-10-28;5828.0;1;1743.0
img_4518269.jpg;4518269;B;51800.0;1295.0;12-05-23;13028.0;1;5803.0
img_4518270.jpg;4518270;A;26300.0;657.5;21-11-26;6653.0;1;4135.0
img_4518271.jpg;4518271;RE;25100.0;627.5;21-09-26;6353.0;1;8443.0
img_4518276.jpg;4518276;C;45900.0;1147.5;13-01-26;11553.0;1;3389.0
img_4518280.jpg;4518280;B;22600.0;565.0;27-06-27;5728.0;1;647.0
img_4518289.jpg;4518289;AA;34900.0;872.5;24-09-26;8803.0;1;3850.0
img_4518299.jpg;4518299;BB;27300.0;682.5;19-01-27;6903.0;1;1696.0
img_4518317.jpg;4518317;AA;33600.0;840.0;06-02-27;8478.0;1;7297.0
img_4518329.jpg;4518329;B;46800.0;1170.0;05-10-28;11778.0;1;5153.0
img_4518363.jpg;4518363;BC;46900.0;1172.5;05-06-23;11803.0;1;7742.0
img_4518384.jpg;4518384;O;39000.0;975.0;19-08-27;9828.0;1;1883.0
img_4518390.jpg;4518390;RE;;;30-12-26;;1;5503.0
img_4518452.jpg;4518452;DA;43400.0;1085.0;17-04-25;10928.0;1;3090.0
img_4518454.jpg;4518454;DA;31000.0;775.0;25-05-27;7828.0;1;741.0
img_4518464.jpg;4518464;O;32200.0;805.0;19-02-23;8128.0;1;3145.0
img_4518511.jpg;4518511;O;29700.0;742.5;14-08-26;7503.0;1;6853.0
img_4518543.jpg;4518543;A;37600.0;940.0;28-05-23;32749.68;0;0.0
img_4518557.jpg;4518557;A;34400.0;860.0;10-04-25;8678.0;1;699.0
img_4518559.jpg;4518559;O;26100.0;652.5;11-05-25;6603.0;1;587.0
img_4518573.jpg;4518573;O;27500.0;687.5;16-08-23;6953.0;1;3834.0
img_4518647.jpg;4518647;BB;;;05-08-24;;1;4513.0
img_4518648.jpg;4518648;C;30100.0;752.5;20-09-26;7603.0;1;2435.0
img_4518665.jpg;4518665;BB;38600.0;965.0;07-07-23;9728.0;1;6454.0
img_4518696.jpg;4518696;BQ;;;14-05-23;;1;3579.0
img_4518698.jpg;4518698;BB;48000.0;1200.0;18-06-23;12078.0;1;409.0
img_4518722.jpg;4518722;C;;;18-12-21;;1;7168.0
img_4518736.jpg;4518736;RE;33900.0;847.5;20-05-23;8553.0;1;105.0
img_4518755.jpg;4518755;AA;29300.0;732.5;03-09-28;7403.0;1;7944.0
img_4518769.jpg;4518769;AC;49900.0;1247.5;23-01-22;12553.0;1;6625.0
img_4518779.jpg;4518779;BB;42600.0;1065.0;25-07-22;10728.0;1;4120.0
img_4518784.jpg;4518784;BQ;32800.0;820.0;28-09-26;8278.0;1;
img_4518790.jpg;4518790;O;25500.0;637.5;31-08-23;6453.0;1;5572.0
img_4518793.jpg;4518793;DA;31900.0;797.5;03-11-27;8053.0;1;3218.0
img_4518801.jpg;4518801;BC;53500.0;1337.5;27-08-23;13453.0;1;6274.0
img_4518854.jpg;4518854;RE;45200.0;1130.0;07-06-25;11378.0;1;7440.0
img_4518858.jpg;4518858;DA;36800.0;920.0;21-11-23;9278.0;1;5379.0
img_4518863.jpg;4518863;DA;;;03-12-28;;1;4138.0
img_4518867.jpg;4518867;BQ;48300.0;1207.5;25-05-22;12153.0;1;9552.0
img_4518874.jpg;4518874;BC;44500.0;1112.5;09-03-26;11203.0;1;8826.0
img_4518887.jpg;4518887;C;38500.0;962.5;11-12-26;9703.0;1;2512.0
img_4518901.jpg;4518901;C;39000.0;975.0;21-07-27;9828.0;1;417.0
img_4518929.jpg;4518929;BB;24800.0;620.0;09-07-23;6278.0;1;5770.0
img_4518933.jpg;4518933;BB;35100.0;877.5;30-10-22;8853.0;1;3303.0
img_4518948.jpg;4518948;BQ;;;12-12-22;;1;3022.0
img_4518965.jpg;4518965;BQ;38400.0;960.0;03-09-22;9678.0;1;341.0
img_4518976.jpg;4518976;DA;25300.0;632.5;30-03-26;6403.0;1;3777.0
img_4518990.jpg;4518990;AA;50500.0;1262.5;17-01-23;12703.0;1;621.0
img_4518994.jpg;4518994;O;46000.0;1150.0;07-07-23;40057.68;0;0.0
img_4518996.jpg;4518996;BC;30800.0;770.0;14-03-24;7778.0;1;5710.0
img_4531097.jpg;4531097;BC;45200.0;1130.0;13-01-23;39361.68;0;0.0
img_4531551.jpg;4531551;DA;35900.0;897.5;16-09-24;31270.68;0;0.0
img_4531694.jpg;4531694;AA;38500.0;962.5;19-12-21;33532.68;0;0.0
img_4531877.jpg;4531877;DA;26500.0;662.5;24-07-23;23092.68;0;0.0
img_4532276.jpg;4532276;BB;36600.0;915.0;02-07-22;31879.68;0;0.0
img_4532681.jpg;4532681;C;43400.0;1085.0;24-01-24;37795.68;0;0.0
img_4532780.jpg;4532780;B;25700.0;642.5;06-09-23;22396.68;0;0.0
img_4532799.jpg;4532799;AC;32700.0;817.5;03-11-23;28486.68;0;0.0
img_4534505.jpg;4534505;AC;51800.0;1295.0;08-06-27;13028.0;1;5485.0
img_4534506.jpg;4534506;B;24100.0;602.5;07-03-24;6103.0;1;6142.0
img_4534531.jpg;4534531;B;33100.0;827.5;16-05-23;8353.0;1;3617.0
img_4534543.jpg;4534543;DA;37400.0;935.0;31-07-27;9428.0;1;5598.0
img_4534554.jpg;4534554;O;36800.0;920.0;04-02-23;9278.0;1;740.0
img_4534567.jpg;4534567;DA;29300.0;732.5;04-04-28;7403.0;1;5190.0
img_4534584.jpg;4534584;BB;43300.0;1082.5;18-05-26;10903.0;1;806.0
img_4534585.jpg;4534585;AC;24300.0;607.5;09-10-26;6153.0;1;3154.0
img_4534592.jpg;4534592;AC;40500.0;1012.5;06-04-23;10203.0;1;5407.0
img_4534636.jpg;4534636;BC;41800.0;1045.0;12-01-27;10528.0;1;4458.0
img_4534660.jpg;4534660;BB;44500.0;1112.5;04-12-21;11203.0;1;2385.0
img_4534666.jpg;4534666;BB;37500.0;937.5;07-06-22;9453.0;1;7792.0
img_4534669.jpg;4534669;C;50300.0;1257.5;17-06-22;12653.0;1;9170.0
img_4534672.jpg;4534672;O;29700.0;742.5;17-06-27;7503.0;1;3528.0
img_4534674.jpg;4534674;RE;30400.0;760.0;29-12-22;7678.0;1;4340.0
img_4534699.jpg;4534699;AC;52900.0;1322.5;22-04-28;13303.0;1;7861.0
img_4534728.jpg;4534728;AC;24500.0;612.5;06-04-28;6203.0;1;3350.0
img_4534736.jpg;4534736;BC;49700.0;1242.5;25-11-21;12503.0;1;6039.0
img_4534783.jpg;4534783;RE;48600.0;1215.0;16-07-25;12228.0;1;6204.0
img_4534794.jpg;4534794;A;;;08-01-22;;1;4304.0
img_4534820.jpg;4534820;O;30000.0;750.0;26-09-27;7578.0;1;3993.0
img_4534823.jpg;4534823;DA;30600.0;765.0;17-09-22;7728.0;1;567.0
img_4534825.jpg;4534825;BC;51400.0;1285.0;24-03-28;12928.0;1;515.0
img_4534841.jpg;4534841;O;48900.0;1222.5;30-12-22;12303.0;1;3490.0
img_4534847.jpg;4534847;AA;44900.0;1122.5;09-07-25;11303.0;1;2207.0
img_4534848.jpg;4534848;BQ;34800.0;870.0;25-06-23;8778.0;1;4973.0
img_4534856.jpg;4534856;AC;;;07-01-22;;1;485.0
img_4534867.jpg;4534867;RE;31200.0;780.0;22-12-21;7878.0;1;2904.0
img_4534873.jpg;4534873;BQ;39000.0;975.0;07-06-28;9828.0;1;7916.0
img_4534880.jpg;4534880;BB;36000.0;900.0;06-06-22;9078.0;1;5836.0
img_4534889.jpg;4534889;A;37300.0;932.5;06-12-24;9403.0;1;5463.0
img_4534904.jpg;4534904;C;45000.0;1125.0;13-06-25;11328.0;1;578.0
img_4534939.jpg;4534939;RE;46600.0;1165.0;29-10-28;11728.0;1;3946.0
img_4534959.jpg;4534959;C;27300.0;682.5;16-10-27;6903.0;1;3058.0
img_4534972.jpg;4534972;BQ;42600.0;1065.0;03-04-26;10728.0;1;3020.0
img_4534982.jpg;4534982;BQ;22900.0;572.5;06-02-28;5803.0;1;4527.0
img_4534991.jpg;4534991;O;24600.0;615.0;03-06-27;6228.0;1;2984.0
img_4535013.jpg;4535013;BC;26600.0;665.0;24-11-25;6728.0;1;7224.0
img_4535042.jpg;4535042;AC;37000.0;925.0;05-12-22;9328.0;1;10336.0
img_4535043.jpg;4535043;A;29700.0;742.5;15-08-25;7503.0;1;7794.0
img_4535059.jpg;4535059;B;;;08-08-22;;1;4771.0
img_4535075.jpg;4535075;BB;37800.0;945.0;02-03-28;9528.0;1;3901.0
img_4535090.jpg;4535090;A;43200.0;1080.0;16-02-25;10878.0;1;3416.0
img_4535097.jpg;4535097;B;28000.0;700.0;17-12-27;7078.0;1;3509.0
img_4535100.jpg;4535100;C;49300.0;1232.5;17-10-22;12403.0;1;4004.0
img_4535109.jpg;4535109;BC;;;28-10-23;;1;2873.0
img_4535112.jpg;4535112;AC;26600.0;665.0;26-12-23;6728.0;1;6520.0
img_4535119.jpg;4535119;B;39400.0;985.0;27-04-26;9928.0;1;4546.0
img_4535129.jpg;4535129;RE;;;27-05-28;;1;4710.0
img_4535132.jpg;4535132;BC;32700.0;817.5;21-07-22;8253.0;1;7644.0
img_4535141.jpg;4535141;AC;38700.0;967.5;02-03-25;9753.0;1;4931.0
img_4535143.jpg;4535143;A;27600.0;690.0;29-01-28;6978.0;1;10482.0
img_4535152.jpg;4535152;BQ;41300.0;1032.5;23-09-23;10403.0;1;8096.0
img_4535185.jpg;4535185;C;40900.0;1022.5;05-05-25;10303.0;1;6737.0
img_4535191.jpg;4535191;C;;;20-01-24;;1;4599.0
img_4535209.jpg;4535209;C;22700.0;567.5;07-06-22;5753.0;1;5703.0
img_4535245.jpg;4535245;BQ;30000.0;750.0;25-12-28;7578.0;1;6936.0
img_4535256.jpg;4535256;DA;36200.0;905.0;03-12-28;9128.0;1;3700.0
img_4535263.jpg;4535263;O;37000.0;925.0;04-12-26;32227.68;0;0.0
img_4535269.jpg;4535269;AA;47000.0;1175.0;27-01-26;11828.0;1;6525.0
img_4535276.jpg;4535276;AC;40500.0;1012.5;20-02-27;10203.0;1;442.0
img_4535290.jpg;4535290;AC;;;16-03-25;;1;5191.0
img_4535296.jpg;4535296;RE;49700.0;1242.5;02-04-23;12503.0;1;6652.0
img_4535313.jpg;4535313;AA;45400.0;1135.0;19-01-28;11428.0;1;3478.0
img_4535326.jpg;4535326;C;43400.0;1085.0;22-04-24;10928.0;1;7107.0
img_4535327.jpg;4535327;BB;30100.0;752.5;06-04-22;7603.0;1;6211.0
img_4535337.jpg;4535337;B;38500.0;962.5;04-10-23;9703.0;1;5551.0
img_4535340.jpg;4535340;B;29900.0;747.5;15-07-28;7553.0;1;4423.0
img_4535359.jpg;4535359;DA;;;04-10-23;;1;2593.0
img_4535364.jpg;4535364;BB;25000.0;625.0;06-06-24;6328.0;1;841.0
img_4535370.jpg;4535370;B;46500.0;1162.5;03-01-22;11703.0;1;6613.0
img_4535393.jpg;4535393;AA;48400.0;1210.0;24-12-27;12178.0;1;567.0
img_4535412.jpg;4535412;BQ;48900.0;1222.5;19-03-25;12303.0;1;8813.0
img_4535419.jpg;4535419;C;33200.0;830.0;26-04-26;8378.0;1;3617.0
img_4535427.jpg;4535427;A;39800.0;995.0;13-03-28;10028.0;1;3429.0
img_4535433.jpg;4535433;C;;;28-08-27;;1;6197.0
img_4535435.jpg;4535435;A;41700.0;1042.5;10-07-26;10503.0;1;4353.0
img_4535436.jpg;4535436;AC;36900.0;922.5;18-04-23;9303.0;1;8408.0
img_4535459.jpg;4535459;BC;43700.0;1092.5;06-07-25;11003.0;1;3925.0
img_4535497.jpg;4535497;B;46900.0;1172.5;31-03-24;11803.0;1;4569.0
img_4535509.jpg;4535509;BC;25000.0;625.0;09-12-27;6328.0;1;1000.0
img_4535519.jpg;4535519;B;45200.0;1130.0;13-04-24;11378.0;1;6914.0
img_4535538.jpg;4535538;A;41900.0;1047.5;18-10-26;10553.0;1;3947.0
img_4535551.jpg;4535551;O;;;19-07-22;;1;2907.0
img_4535554.jpg;4535554;O;50200.0;1255.0;06-03-28;12628.0;1;2533.0
img_4535559.jpg;4535559;B;30100.0;752.5;05-07-26;7603.0;1;2000.0
img_4535576.jpg;4535576;BQ;41100.0;1027.5;08-02-25;10353.0;1;6851.0
img_4535615.jpg;4535615;DA;39000.0;975.0;04-11-25;9828.0;1;4005.0
img_4535632.jpg;4535632;C;27600.0;690.0;28-08-27;6978.0;1;1409.0
img_4535640.jpg;4535640;C;31400.0;785.0;17-12-22;7928.0;1;5091.0
img_4535647.jpg;4535647;DA;40500.0;1012.5;13-11-23;10203.0;1;2000.0
img_4535665.jpg;4535665;BQ;45700.0;1142.5;08-05-24;11503.0;1;825.0
img_4535672.jpg;4535672;B;47000.0;1175.0;12-10-28;11828.0;1;3632.0
img_4535673.jpg;4535673;DA;47800.0;1195.0;12-04-26;12028.0;1;4512.0
img_4535687.jpg;4535687;O;49400.0;1235.0;15-05-23;12428.0;1;3999.0
img_4535711.jpg;4535711;AA;46200.0;1155.0;06-12-26;11628.0;1;3320.0
img_4535719.jpg;4535719;AC;24600.0;615.0;16-05-23;6228.0;1;4901.0
img_4535741.jpg;4535741;B;44300.0;1107.5;24-05-24;11153.0;1;4083.0
img_4535743.jpg;4535743;DA;49600.0;1240.0;22-06-27;12478.0;1;9834.0
img_4535755.jpg;4535755;AC;51500.0;1287.5;07-01-22;12953.0;1;4058.0
img_4535758.jpg;4535758;A;36500.0;912.5;12-12-22;9203.0;1;9478.0
img_4535764.jpg;4535764;A;43600.0;1090.0;14-10-24;10978.0;1;5262.0
img_4535766.jpg;4535766;B;49400.0;1235.0;07-09-25;12428.0;1;3218.0
img_4535773.jpg;4535773;O;37600.0;940.0;01-11-22;9478.0;1;5582.0
img_4535788.jpg;4535788;DA;36200.0;905.0;04-07-24;9128.0;1;3663.0
img_4535790.jpg;4535790;BQ;31100.0;777.5;08-11-27;7853.0;1;2337.0
img_4535793.jpg;4535793;O;33700.0;842.5;19-07-22;8503.0;1;6495.0
img_4535801.jpg;4535801;AC;38100.0;952.5;28-06-22;9603.0;1;494.0
img_4535815.jpg;4535815;AA;28800.0;720.0;02-09-23;7278.0;1;781.0
img_4535832.jpg;4535832;DA;40600.0;1015.0;12-05-25;10228.0;1;662.0
img_4535834.jpg;4535834;BQ;22600.0;565.0;22-05-28;5728.0;1;6451.0
img_4535845.jpg;4535845;B;40500.0;1012.5;10-03-26;10203.0;1;6197.0
img_4535859.jpg;4535859;BB;35200.0;880.0;10-06-28;8878.0;1;2246.0
img_4535879.jpg;4535879;BQ;35800.0;895.0;26-06-26;9028.0;1;2899.0
img_4535897.jpg;4535897;O;41800.0;1045.0;27-09-25;10528.0;1;3345.0
img_4535916.jpg;4535916;DA;49700.0;1242.5;26-10-27;12503.0;1;6488.0
img_4535932.jpg;4535932;RE;40700.0;1017.5;02-12-23;10253.0;1;684.0
img_4535946.jpg;4535946;C;37300.0;932.5;05-01-27;9403.0;1;5767.0
img_4535962.jpg;4535962;B;29300.0;732.5;09-08-23;7403.0;1;8740.0
img_4535981.jpg;4535981;AA;45200.0;1130.0;06-08-28;11378.0;1;8243.0
img_4535986.jpg;4535986;C;32900.0;822.5;02-06-25;8303.0;1;2426.0
img_4536037.jpg;4536037;B;25900.0;647.5;05-04-24;6553.0;1;227.0
img_4536062.jpg;4536062;AA;41900.0;1047.5;23-01-23;10553.0;1;1291.0
img_4536090.jpg;4536090;O;43100.0;1077.5;17-08-24;10853.0;1;537.0
img_4536123.jpg;4536123;C;50200.0;1255.0;24-04-22;12628.0;1;5959.0
img_4536128.jpg;4536128;AA;25200.0;630.0;25-10-24;6378.0;1;7642.0
img_4536131.jpg;4536131;DA;30900.0;772.5;02-07-24;7803.0;1;1467.0
img_4536138.jpg;4536138;C;;;12-01-22;;1;6532.0
img_4536152.jpg;4536152;AA;;;11-01-26;;1;5203.0
img_4536163.jpg;4536163;RE;37700.0;942.5;12-03-26;9503.0;1;6971.0
img_4536164.jpg;4536164;AC;32000.0;800.0;05-11-26;8078.0;1;1864.0
img_4536177.jpg;4536177;AA;40400.0;1010.0;28-03-28;35185.68;0;0.0
img_4536180.jpg;4536180;B;32200.0;805.0;28-12-28;8128.0;1;657.0
img_4536187.jpg;4536187;O;45400.0;1135.0;05-05-27;11428.0;1;6805.0
img_4536195.jpg;4536195;RE;45200.0;1130.0;18-03-26;11378.0;1;7953.0
img_4536217.jpg;4536217;B;32500.0;812.5;07-02-25;8203.0;1;103.0
img_4536250.jpg;4536250;BC;39200.0;980.0;15-01-24;9878.0;1;8210.0
img_4536255.jpg;4536255;B;28000.0;700.0;12-06-28;7078.0;1;7371.0
img_4536282.jpg;4536282;B;46200.0;1155.0;24-01-25;11628.0;1;6410.0
img_4536291.jpg;4536291;A;47800.0;1195.0;04-04-24;12028.0;1;648.0
img_4536302.jpg;4536302;BB;33700.0;842.5;26-10-26;8503.0;1;6060.0
img_4536308.jpg;4536308;AA;33600.0;840.0;18-07-23;8478.0;1;5472.0
img_4536309.jpg;4536309;B;40700.0;1017.5;17-01-26;10253.0;1;5028.0
img_4536328.jpg;4536328;B;37400.0;935.0;06-11-26;9428.0;1;4609.0
img_4536339.jpg;4536339;DA;33600.0;840.0;16-06-28;29269.68;0;0.0
img_4536341.jpg;4536341;A;24700.0;617.5;10-12-21;6253.0;1;588.0
img_4536350.jpg;4536350;DA;;;27-09-25;;1;7074.0
img_4536360.jpg;4536360;DA;38200.0;955.0;11-09-28;9628.0;1;4013.0
img_4536383.jpg;4536383;DA;51600.0;1290.0;22-07-27;12978.0;1;929.0
img_4536390.jpg;4536390;O;27700.0;692.5;10-12-27;7003.0;1;4766.0
img_4536398.jpg;4536398;BQ;46500.0;1162.5;29-12-27;11703.0;1;714.0
img_4536412.jpg;4536412;O;23600.0;590.0;18-09-28;5978.0;1;7906.0
img_4536462.jpg;4536462;A;22900.0;572.5;05-07-25;5803.0;1;4427.0
img_4536503.jpg;4536503;AC;24600.0;615.0;14-03-27;6228.0;1;3445.0
img_4536514.jpg;4536514;B;24300.0;607.5;06-02-25;6153.0;1;2773.0
img_4536532.jpg;4536532;RE;50000.0;1250.0;03-01-28;12578.0;1;9532.0
img_4536562.jpg;4536562;A;38400.0;960.0;24-11-26;9678.0;1;5843.0
img_4536568.jpg;4536568;A;23300.0;582.5;30-01-25;5903.0;1;6631.0
img_4536610.jpg;4536610;AC;34800.0;870.0;09-07-23;8778.0;1;4683.0
img_4536632.jpg;4536632;AC;31900.0;797.5;08-04-22;8053.0;1;3698.0
img_4536637.jpg;4536637;C;37200.0;930.0;19-11-26;9378.0;1;3467.0
img_4536642.jpg;4536642;A;41100.0;1027.5;18-07-25;10353.0;1;5071.0
img_4536648.jpg;4536648;B;50000.0;1250.0;25-10-24;12578.0;1;6420.0
img_4536649.jpg;4536649;BC;31700.0;792.5;02-09-23;8003.0;1;1000.0
img_4536673.jpg;4536673;BC;29200.0;730.0;14-06-24;7378.0;1;5924.0
img_4536678.jpg;4536678;O;30400.0;760.0;11-05-26;7678.0;1;10067.0
img_4536693.jpg;4536693;BB;23400.0;585.0;21-06-23;5928.0;1;3918.0
img_4536696.jpg;4536696;A;44700.0;1117.5;17-05-28;11253.0;1;3169.0
img_4536716.jpg;4536716;C;45800.0;1145.0;28-07-28;11528.0;1;826.0
img_4536721.jpg;4536721;DA;52200.0;1305.0;18-12-24;13128.0;1;6320.0
img_4536731.jpg;4536731;AA;50000.0;1250.0;17-06-28;12578.0;1;449.0
img_4536746.jpg;4536746;A;46300.0;1157.5;15-04-24;11653.0;1;8603.0
img_4536751.jpg;4536751;O;44400.0;1110.0;15-02-27;11178.0;1;620.0
img_4536758.jpg;4536758;C;47900.0;1197.5;10-03-28;12053.0;1;607.0
img_4536788.jpg;4536788;A;53500.0;1337.5;07-07-22;13453.0;1;6003.0
img_4536797.jpg;4536797;O;39500.0;987.5;14-05-22;9953.0;1;5591.0
img_4536804.jpg;4536804;BB;39300.0;982.5;20-11-24;9903.0;1;9409.0
img_4536813.jpg;4536813;A;29100.0;727.5;06-01-28;7353.0;1;8111.0
img_4536819.jpg;4536819;B;41600.0;1040.0;03-09-24;10478.0;1;2638.0
img_4536822.jpg;4536822;AA;32600.0;815.0;14-08-24;8228.0;1;6517.0
img_4536824.jpg;4536824;DA;48400.0;1210.0;08-12-27;12178.0;1;2270.0
img_4536839.jpg;4536839;RE;48000.0;1200.0;17-07-28;12078.0;1;4404.0
img_4536853.jpg;4536853;A;42600.0;1065.0;22-08-28;10728.0;1;7219.0
img_4536890.jpg;4536890;DA;26600.0;665.0;19-04-24;6728.0;1;6154.0
img_4536902.jpg;4536902;AA;;;14-10-24;;1;3185.0
img_4536915.jpg;4536915;RE;47900.0;1197.5;30-07-28;12053.0;1;6356.0
img_4536929.jpg;4536929;BB;47600.0;1190.0;29-08-24;11978.0;1;5691.0
img_4536949.jpg;4536949;B;34600.0;865.0;25-09-25;8728.0;1;5006.0
img_4536981.jpg;4536981;BC;50000.0;1250.0;09-11-24;12578.0;1;7055.0
img_4536983.jpg;4536983;B;28400.0;710.0;10-11-21;7178.0;1;4836.0
img_4536992.jpg;4536992;AC;;;16-06-22;;1;611.0
img_4536993.jpg;4536993;DA;32400.0;810.0;03-04-23;8178.0;1;4609.0
img_4536997.jpg;4536997;B;49800.0;1245.0;01-10-27;12528.0;1;617.0
img_4537007.jpg;4537007;DA;42300.0;1057.5;18-10-22;10653.0;1;2726.0
img_4537019.jpg;4537019;B;41500.0;1037.5;05-04-25;10453.0;1;6085.0
img_4537020.jpg;4537020;O;23500.0;587.5;27-11-21;5953.0;1;324.0
img_4537024.jpg;4537024;BQ;50300.0;1257.5;01-12-27;12653.0;1;2695.0
img_4537039.jpg;4537039;BQ;46700.0;1167.5;31-03-23;11753.0;1;3589.0
img_4537054.jpg;4537054;A;52600.0;1315.0;21-05-24;13228.0;1;3466.0
img_4537058.jpg;4537058;AC;44000.0;1100.0;30-12-21;11078.0;1;220.0
img_4537091.jpg;4537091;AA;28200.0;705.0;29-06-23;7128.0;1;6279.0
img_4537093.jpg;4537093;BQ;28300.0;707.5;11-04-26;7153.0;1;5501.0
img_4537105.jpg;4537105;BB;24200.0;605.0;16-07-25;6128.0;1;666.0
img_4537126.jpg;4537126;BB;29700.0;742.5;14-08-25;7503.0;1;2523.0
img_4537127.jpg;4537127;BC;45700.0;1142.5;30-11-23;11503.0;1;
img_4537128.jpg;4537128;AC;44100.0;1102.5;04-01-22;11103.0;1;3487.0
img_4537145.jpg;4537145;A;50400.0;1260.0;13-04-28;12678.0;1;5326.0
img_4537166.jpg;4537166;A;36900.0;922.5;10-10-28;9303.0;1;6268.0
img_4537167.jpg;4537167;DA;24600.0;615.0;22-07-28;6228.0;1;4175.0
img_4537170.jpg;4537170;C;45400.0;1135.0;16-01-26;11428.0;1;3202.0
img_4537174.jpg;4537174;BB;52400.0;1310.0;19-04-22;13178.0;1;6539.0
img_4537191.jpg;4537191;BC;40200.0;1005.0;02-11-24;10128.0;1;613.0
img_4537213.jpg;4537213;BQ;24400.0;610.0;14-10-27;6178.0;1;6573.0
img_4537220.jpg;4537220;DA;31000.0;775.0;11-12-22;7828.0;1;3578.0
img_4537240.jpg;4537240;AC;49700.0;1242.5;17-12-25;12503.0;1;3773.0
img_4537244.jpg;4537244;AC;46000.0;1150.0;10-05-28;11578.0;1;938.0
img_4537249.jpg;4537249;O;24700.0;617.5;05-12-27;6253.0;1;2212.0
img_4537253.jpg;4537253;A;25300.0;632.5;28-05-25;6403.0;1;6945.0
img_4537262.jpg;4537262;AA;38400.0;960.0;18-08-22;9678.0;1;6757.0
img_4537266.jpg;4537266;BQ;43000.0;1075.0;30-05-26;10828.0;1;4397.0
img_4537268.jpg;4537268;AC;32100.0;802.5;27-02-26;8103.0;1;5209.0
img_4537286.jpg;4537286;BQ;41600.0;1040.0;22-12-22;10478.0;1;3715.0
img_4537335.jpg;4537335;O;;;01-10-23;;1;4631.0
img_4537343.jpg;4537343;AA;25300.0;632.5;16-12-28;6403.0;1;5250.0
img_4537363.jpg;4537363;C;27800.0;695.0;14-02-22;7028.0;1;514.0
img_4537378.jpg;4537378;A;39000.0;975.0;07-01-23;9828.0;1;3430.0
img_4537427.jpg;4537427;AC;;;08-06-24;;1;4089.0
img_4537429.jpg;4537429;BB;34100.0;852.5;01-04-24;8603.0;1;2084.0
img_4537447.jpg;4537447;BC;45000.0;1125.0;20-01-26;11328.0;1;787.0
img_4537465.jpg;4537465;BQ;53300.0;1332.5;15-10-27;13403.0;1;3571.0
img_4537473.jpg;4537473;BC;35900.0;897.5;09-03-23;9053.0;1;6058.0
img_4537476.jpg;4537476;C;27600.0;690.0;14-06-27;6978.0;1;4111.0
img_4537477.jpg;4537477;BB;49900.0;1247.5;26-11-24;12553.0;1;5697.0
img_4537481.jpg;4537481;DA;36800.0;920.0;01-09-27;9278.0;1;6122.0
img_4537508.jpg;4537508;AA;;;19-08-22;;1;6790.0
img_4537510.jpg;4537510;BC;23100.0;577.5;24-12-26;5853.0;1;9962.0
img_4537526.jpg;4537526;AC;28300.0;707.5;17-04-23;7153.0;1;2879.0
img_4537534.jpg;4537534;RE;31500.0;787.5;22-03-22;7953.0;1;3747.0
img_4537561.jpg;4537561;B;51600.0;1290.0;09-10-28;12978.0;1;8195.0
img_4537578.jpg;4537578;DA;27900.0;697.5;17-02-24;7053.0;1;3899.0
img_4537605.jpg;4537605;BB;24700.0;617.5;21-07-22;6253.0;1;6294.0
img_4537620.jpg;4537620;BB;50200.0;1255.0;21-07-23;12628.0;1;559.0
img_4537631.jpg;4537631;B;28300.0;707.5;24-11-25;7153.0;1;2559.0
img_4537658.jpg;4537658;BB;36000.0;900.0;26-10-27;9078.0;1;455.0
img_4537660.jpg;4537660;A;50000.0;1250.0;16-12-26;12578.0;1;615.0
img_4537664.jpg;4537664;BC;32400.0;810.0;12-04-27;8178.0;1;
img_4537670.jpg;4537670;RE;49400.0;1235.0;28-05-26;12428.0;1;5810.0
img_4537685.jpg;4537685;O;;;22-10-28;;1;6678.0
img_4537687.jpg;4537687;B;40400.0;1010.0;09-07-22;10178.0;1;8384.0
img_4537692.jpg;4537692;DA;43200.0;1080.0;09-11-28;10878.0;1;5384.0
img_4537703.jpg;4537703;A;52600.0;1315.0;03-01-28;13228.0;1;3060.0
img_4537725.jpg;4537725;DA;27700.0;692.5;26-12-21;7003.0;1;3666.0
img_4537743.jpg;4537743;BQ;49200.0;1230.0;03-02-23;12378.0;1;1018.0
img_4537767.jpg;4537767;DA;36200.0;905.0;18-01-26;9128.0;1;7411.0
img_4537770.jpg;4537770;AC;50700.0;1267.5;07-08-26;12753.0;1;253.0
img_4537787.jpg;4537787;A;31500.0;787.5;28-02-28;7953.0;1;3691.0
img_4537810.jpg;4537810;O;38300.0;957.5;04-10-23;9653.0;1;1000.0
img_4537822.jpg;4537822;C;34500.0;862.5;31-01-25;8703.0;1;4295.0
img_4537835.jpg;4537835;O;46100.0;1152.5;15-04-27;11603.0;1;6394.0
img_4537837.jpg;4537837;AA;42600.0;1065.0;22-11-28;10728.0;1;9370.0
img_4537895.jpg;4537895;BQ;50200.0;1255.0;09-02-23;12628.0;1;2883.0
img_4537896.jpg;4537896;B;32800.0;820.0;13-01-26;8278.0;1;4481.0
img_4537902.jpg;4537902;O;51300.0;1282.5;17-10-22;12903.0;1;3434.0
img_4537913.jpg;4537913;BC;53500.0;1337.5;26-08-24;13453.0;1;7109.0
img_4537920.jpg;4537920;BB;43100.0;1077.5;30-11-28;10853.0;1;7097.0
img_4537944.jpg;4537944;BC;36800.0;920.0;07-01-22;9278.0;1;300.0
img_4537950.jpg;4537950;A;28400.0;710.0;19-05-24;7178.0;1;5747.0
img_4537961.jpg;4537961;DA;35700.0;892.5;10-11-22;9003.0;1;6887.0
img_4537962.jpg;4537962;C;40100.0;1002.5;28-04-26;10103.0;1;7480.0
img_4537993.jpg;4537993;O;53200.0;1330.0;27-12-24;13378.0;1;6787.0
img_4537999.jpg;4537999;A;47700.0;1192.5;14-02-22;12003.0;1;6733.0
img_4538000.jpg;4538000;C;33900.0;847.5;23-07-27;8553.0;1;4313.0
img_4538003.jpg;4538003;BB;23100.0;577.5;22-09-22;5853.0;1;2458.0
img_4538033.jpg;4538033;B;37700.0;942.5;04-12-26;9503.0;1;7508.0
img_4538034.jpg;4538034;BC;44600.0;1115.0;15-12-28;11228.0;1;6750.0
img_4538093.jpg;4538093;A;37800.0;945.0;27-10-25;9528.0;1;6146.0
img_4538102.jpg;4538102;A;;;30-11-23;;1;3791.0
img_4538109.jpg;4538109;RE;25500.0;637.5;21-07-26;6453.0;1;2762.0
img_4538112.jpg;4538112;O;42200.0;1055.0;19-04-26;10628.0;1;4860.0
img_4538113.jpg;4538113;C;26500.0;662.5;11-01-22;6703.0;1;5167.0
img_4538123.jpg;4538123;O;;;07-11-26;;1;5775.0
img_4538164.jpg;4538164;AA;;;20-02-22;;1;2000.0
img_4538179.jpg;4538179;O;46900.0;1172.5;20-12-22;11803.0;1;7438.0
img_4538189.jpg;4538189;C;32600.0;815.0;10-04-25;8228.0;1;3200.0
img_4538194.jpg;4538194;B;24600.0;615.0;22-07-23;6228.0;1;2107.0
img_4538196.jpg;4538196;AA;;;04-02-28;;1;1803.0
img_4538208.jpg;4538208;BC;51500.0;1287.5;13-09-25;12953.0;1;279.0
img_4538209.jpg;4538209;DA;;;21-10-27;;1;4593.0
img_4538210.jpg;4538210;BQ;49700.0;1242.5;10-05-23;12503.0;1;499.0
img_4538221.jpg;4538221;AC;35500.0;887.5;19-01-23;8953.0;1;3277.0
img_4538230.jpg;4538230;AC;30800.0;770.0;03-02-26;7778.0;1;3352.0
img_4538234.jpg;4538234;BQ;43400.0;1085.0;16-06-22;10928.0;1;3960.0
img_4538246.jpg;4538246;B;23700.0;592.5;27-11-23;20656.68;0;0.0
img_4538260.jpg;4538260;BC;34800.0;870.0;11-12-28;8778.0;1;1018.0
img_4538265.jpg;4538265;AC;29100.0;727.5;12-11-21;7353.0;1;2574.0
img_4538290.jpg;4538290;BC;35200.0;880.0;28-05-23;8878.0;1;8860.0
img_4538291.jpg;4538291;BQ;24500.0;612.5;03-12-23;6203.0;1;740.0
img_4538309.jpg;4538309;DA;28200.0;705.0;07-07-24;7128.0;1;3069.0
img_4538312.jpg;4538312;AC;53500.0;1337.5;23-02-22;13453.0;1;4448.0
img_4538327.jpg;4538327;C;53300.0;1332.5;15-12-22;13403.0;1;431.0
img_4538360.jpg;4538360;BQ;45800.0;1145.0;24-06-26;11528.0;1;5325.0
img_4538362.jpg;4538362;A;31000.0;775.0;14-06-24;7828.0;1;5158.0
img_4538364.jpg;4538364;AC;46300.0;1157.5;24-12-27;11653.0;1;627.0
img_4538414.jpg;4538414;DA;;;01-03-25;;1;4712.0
img_4538445.jpg;4538445;DA;;;18-12-25;;1;4347.0
img_4538458.jpg;4538458;A;31000.0;775.0;20-04-28;7828.0;1;6067.0
img_4538469.jpg;4538469;O;23800.0;595.0;02-09-28;6028.0;1;3858.0
img_4538470.jpg;4538470;RE;32700.0;817.5;25-12-23;8253.0;1;625.0
img_4538486.jpg;4538486;A;33400.0;835.0;31-08-25;8428.0;1;4261.0
img_4538491.jpg;4538491;B;22600.0;565.0;27-11-21;5728.0;1;4970.0
img_4538536.jpg;4538536;AA;35500.0;887.5;16-05-23;8953.0;1;5514.0
img_4538550.jpg;4538550;B;35800.0;895.0;08-06-22;9028.0;1;9134.0
img_4538554.jpg;4538554;DA;22900.0;572.5;24-09-28;5803.0;1;5807.0
img_4538588.jpg;4538588;B;38500.0;962.5;23-09-24;9703.0;1;3527.0
img_4538596.jpg;4538596;C;38600.0;965.0;05-08-26;9728.0;1;576.0
img_4538608.jpg;4538608;RE;25700.0;642.5;03-05-27;6503.0;1;3892.0
img_4538615.jpg;4538615;A;41300.0;1032.5;05-03-24;10403.0;1;7497.0
img_4538616.jpg;4538616;DA;30300.0;757.5;21-09-26;7653.0;1;6091.0
img_4538633.jpg;4538633;RE;39600.0;990.0;12-12-26;9978.0;1;5108.0
img_4538635.jpg;4538635;DA;45500.0;1137.5;08-07-24;11453.0;1;100.0
img_4538655.jpg;4538655;RE;51200.0;1280.0;09-05-24;12878.0;1;6450.0
img_4538687.jpg;4538687;BC;30000.0;750.0;12-04-28;7578.0;1;1017.0
img_4538697.jpg;4538697;B;37000.0;925.0;27-12-25;9328.0;1;560.0
img_4538705.jpg;4538705;BB;24900.0;622.5;05-07-27;6303.0;1;4487.0
img_4538708.jpg;4538708;B;23100.0;577.5;20-09-22;5853.0;1;6707.0
img_4538731.jpg;4538731;BC;32400.0;810.0;28-09-28;8178.0;1;425.0
img_4538739.jpg;4538739;BC;43100.0;1077.5;06-11-25;10853.0;1;5031.0
img_4538742.jpg;4538742;B;39700.0;992.5;12-03-24;34576.68;0;0.0
img_4538751.jpg;4538751;DA;;;23-06-24;;1;1589.0
img_4538773.jpg;4538773;O;51700.0;1292.5;25-04-23;13003.0;1;269.0
img_4538797.jpg;4538797;BC;27000.0;675.0;14-02-25;6828.0;1;4519.0
img_4538798.jpg;4538798;BC;23600.0;590.0;22-03-22;5978.0;1;419.0
img_4538815.jpg;4538815;O;23800.0;595.0;02-10-26;6028.0;1;827.0
img_4538821.jpg;4538821;A;24900.0;622.5;20-01-26;6303.0;1;4980.0
img_4538841.jpg;4538841;AA;26100.0;652.5;17-05-28;6603.0;1;2855.0
img_4538845.jpg;4538845;C;25500.0;637.5;14-06-27;6453.0;1;3111.0
img_4538847.jpg;4538847;AA;53000.0;1325.0;20-12-23;13328.0;1;4322.0
img_4538861.jpg;4538861;RE;39700.0;992.5;28-06-25;10003.0;1;4053.0
img_4538897.jpg;4538897;BC;45500.0;1137.5;01-03-27;11453.0;1;451.0
img_4538903.jpg;4538903;C;25200.0;630.0;06-07-27;6378.0;1;1263.0
img_4538918.jpg;4538918;AA;31200.0;780.0;01-05-24;7878.0;1;3739.0
img_4538923.jpg;4538923;B;;;21-06-26;;1;6094.0
img_4538940.jpg;4538940;O;32300.0;807.5;16-09-27;8153.0;1;5146.0
img_4538944.jpg;4538944;C;36300.0;907.5;01-06-26;9153.0;1;5374.0
img_4538945.jpg;4538945;A;40900.0;1022.5;03-11-23;10303.0;1;7445.0
img_4538958.jpg;4538958;BB;44000.0;1100.0;04-08-23;11078.0;1;4650.0
img_4538959.jpg;4538959;BQ;25900.0;647.5;19-12-26;6553.0;1;9682.0
img_4538985.jpg;4538985;C;31900.0;797.5;04-07-23;8053.0;1;8539.0
img_4538992.jpg;4538992;DA;41400.0;1035.0;03-05-28;10428.0;1;257.0
img_4631479.jpg;4631479;AA;50300.0;1257.5;05-02-28;43798.68;0;0.0
img_4631517.jpg;4631517;RE;;;22-02-26;;0;0.0
img_4631978.jpg;4631978;DA;32700.0;817.5;23-09-25;28486.68;0;0.0
img_4632253.jpg;4632253;AA;32100.0;802.5;24-07-24;27964.68;0;0.0
img_4632335.jpg;4632335;BQ;50200.0;1255.0;11-08-22;43711.68;0;0.0
img_4632362.jpg;4632362;O;47100.0;1177.5;31-01-27;41014.68;0;0.0
img_4632365.jpg;4632365;BB;39000.0;975.0;26-05-28;33967.68;0;0.0
img_4632686.jpg;4632686;A;51000.0;1275.0;07-03-26;44407.68;0;0.0
img_4632689.jpg;4632689;C;45300.0;1132.5;19-11-24;39448.68;0;0.0
img_4632733.jpg;4632733;BQ;45800.0;1145.0;09-04-28;39883.68;0;0.0
img_4632741.jpg;4632741;A;50300.0;1257.5;16-10-22;43798.68;0;0.0
img_4632759.jpg;4632759;B;26300.0;657.5;01-07-25;22918.68;0;0.0
img_4632958.jpg;4632958;RE;36800.0;920.0;06-05-23;32053.68;0;0.0
img_4633067.jpg;4633067;DA;51200.0;1280.0;26-04-24;44581.68;0;0.0
img_4633454.jpg;4633454;BB;39400.0;985.0;04-07-28;34315.68;0;0.0
img_4633906.jpg;4633906;BC;38300.0;957.5;14-01-23;33358.68;0;0.0
img_4634006.jpg;4634006;BQ;51800.0;1295.0;10-03-22;45103.68;0;0.0
img_4634206.jpg;4634206;BC;33500.0;837.5;20-12-27;29182.68;0;0.0
img_4634227.jpg;4634227;BC;49600.0;1240.0;29-03-26;43189.68;0;0.0
img_4634342.jpg;4634342;C;38100.0;952.5;07-03-24;33184.68;0;0.0
img_4634389.jpg;4634389;BB;39900.0;997.5;11-03-26;34750.68;0;0.0
img_4634520.jpg;4634520;BQ;36300.0;907.5;24-02-24;9153.0;1;5672.0
img_4634524.jpg;4634524;DA;32400.0;810.0;28-06-24;8178.0;1;549.0
img_4634525.jpg;4634525;AC;41900.0;1047.5;11-02-27;10553.0;1;4992.0
img_4634526.jpg;4634526;BQ;36900.0;922.5;04-10-23;9303.0;1;10598.0
img_4634545.jpg;4634545;O;31400.0;785.0;08-03-26;7928.0;1;6545.0
img_4634563.jpg;4634563;A;43700.0;1092.5;15-09-25;11003.0;1;411.0
img_4634565.jpg;4634565;BQ;50500.0;1262.5;01-06-22;12703.0;1;6908.0
img_4634566.jpg;4634566;AC;22700.0;567.5;19-11-22;5753.0;1;5069.0
img_4634569.jpg;4634569;BB;30000.0;750.0;01-09-22;7578.0;1;4228.0
img_4634579.jpg;4634579;BC;48400.0;1210.0;19-12-22;12178.0;1;567.0
img_4634599.jpg;4634599;BQ;26800.0;670.0;25-04-26;6778.0;1;5543.0
img_4634600.jpg;4634600;BQ;20000.0;500.0;20-12-21;5078.0;1;878.0
img_4634605.jpg;4634605;B;32500.0;812.5;12-09-27;8203.0;1;2000.0
img_4634621.jpg;4634621;BB;45800.0;1145.0;31-07-27;11528.0;1;5559.0
img_4634667.jpg;4634667;A;47600.0;1190.0;26-02-27;11978.0;1;4793.0
img_4634684.jpg;4634684;DA;44200.0;1105.0;25-05-25;11128.0;1;6910.0
img_4634694.jpg;4634694;O;24000.0;600.0;05-03-27;6078.0;1;2852.0
img_4634748.jpg;4634748;BQ;41300.0;1032.5;29-08-24;10403.0;1;232.0
img_4634763.jpg;4634763;RE;27300.0;682.5;05-02-27;6903.0;1;4985.0
img_4634776.jpg;4634776;AA;38200.0;955.0;17-05-23;9628.0;1;320.0
img_4634777.jpg;4634777;BB;45100.0;1127.5;07-02-26;11353.0;1;5644.0
img_4634822.jpg;4634822;B;31400.0;785.0;23-10-25;7928.0;1;7743.0
img_4634831.jpg;4634831;AA;24200.0;605.0;18-12-23;6128.0;1;4561.0
img_4634850.jpg;4634850;B;27200.0;680.0;19-02-28;6878.0;1;747.0
img_4634855.jpg;4634855;DA;29600.0;740.0;03-01-27;7478.0;1;4742.0
img_4634857.jpg;4634857;B;40700.0;1017.5;26-06-22;10253.0;1;3360.0
img_4634870.jpg;4634870;AA;23400.0;585.0;07-08-23;5928.0;1;4776.0
img_4634885.jpg;4634885;AA;53000.0;1325.0;12-04-23;13328.0;1;6558.0
img_4634888.jpg;4634888;RE;43600.0;1090.0;14-05-22;10978.0;1;731.0
img_4634910.jpg;4634910;BC;25900.0;647.5;09-08-27;6553.0;1;3665.0
img_4634938.jpg;4634938;BC;28700.0;717.5;27-10-27;7253.0;1;4415.0
img_4634943.jpg;4634943;C;34100.0;852.5;15-02-28;8603.0;1;601.0
img_4634973.jpg;4634973;AC;42100.0;1052.5;20-01-28;10603.0;1;2313.0
img_4634983.jpg;4634983;A;27500.0;687.5;13-12-22;6953.0;1;429.0
img_4635001.jpg;4635001;B;38100.0;952.5;28-01-23;9603.0;1;5390.0
img_4635034.jpg;4635034;BB;27800.0;695.0;29-12-23;7028.0;1;3364.0
img_4635037.jpg;4635037;RE;40000.0;1000.0;05-08-27;10078.0;1;8075.0
img_4635047.jpg;4635047;C;24800.0;620.0;17-04-24;6278.0;1;6143.0
img_4635057.jpg;4635057;O;;;14-10-24;;1;1785.0
img_4635087.jpg;4635087;A;31600.0;790.0;24-09-26;7978.0;1;372.0
img_4635123.jpg;4635123;O;;;26-08-25;;1;633.0
img_4635131.jpg;4635131;RE;30800.0;770.0;11-03-23;7778.0;1;74.0
img_4635167.jpg;4635167;DA;36700.0;917.5;09-02-22;9253.0;1;1122.0
img_4635183.jpg;4635183;BC;29800.0;745.0;11-11-21;7528.0;1;550.0
img_4635194.jpg;4635194;AC;25000.0;625.0;23-06-26;6328.0;1;868.0
img_4635195.jpg;4635195;RE;37700.0;942.5;24-09-25;9503.0;1;3607.0
img_4635198.jpg;4635198;AC;37000.0;925.0;07-05-24;9328.0;1;1741.0
img_4635200.jpg;4635200;C;33400.0;835.0;20-09-26;8428.0;1;486.0
img_4635206.jpg;4635206;C;43400.0;1085.0;24-08-23;10928.0;1;8594.0
img_4635210.jpg;4635210;DA;41900.0;1047.5;03-08-27;10553.0;1;6675.0
img_4635213.jpg;4635213;A;47100.0;1177.5;13-03-22;11853.0;1;2841.0
img_4635217.jpg;4635217;C;40800.0;1020.0;22-06-27;10278.0;1;8549.0
img_4635220.jpg;4635220;AA;26000.0;650.0;31-12-25;6578.0;1;6515.0
img_4635250.jpg;4635250;BQ;34900.0;872.5;22-02-22;8803.0;1;7675.0
img_4635293.jpg;4635293;BQ;51500.0;1287.5;27-03-27;12953.0;1;5805.0
img_4635305.jpg;4635305;O;34800.0;870.0;01-06-22;8778.0;1;3096.0
img_4635315.jpg;4635315;BB;22800.0;570.0;17-08-22;5778.0;1;3598.0
img_4635324.jpg;4635324;A;38900.0;972.5;08-11-22;9803.0;1;3476.0
img_4635356.jpg;4635356;BB;44600.0;1115.0;24-11-22;11228.0;1;7569.0
img_4635386.jpg;4635386;A;38600.0;965.0;14-09-26;9728.0;1;6628.0
img_4635394.jpg;4635394;AC;53400.0;1335.0;11-01-27;13428.0;1;350.0
img_4635396.jpg;4635396;BB;50800.0;1270.0;17-02-28;12778.0;1;4436.0
img_4635410.jpg;4635410;B;45900.0;1147.5;17-09-25;11553.0;1;3221.0
img_4635465.jpg;4635465;DA;31700.0;792.5;11-01-27;8003.0;1;411.0
img_4635494.jpg;4635494;BB;34000.0;850.0;11-02-23;8578.0;1;4624.0
img_4635522.jpg;4635522;RE;35700.0;892.5;04-11-26;9003.0;1;908.0
img_4635527.jpg;4635527;DA;25600.0;640.0;03-07-26;6478.0;1;4850.0
img_4635529.jpg;4635529;BQ;32900.0;822.5;08-05-26;8303.0;1;7020.0
img_4635531.jpg;4635531;BC;45600.0;1140.0;19-05-27;11478.0;1;7397.0
img_4635549.jpg;4635549;O;36100.0;902.5;22-01-24;9103.0;1;3427.0
img_4635552.jpg;4635552;DA;;;24-06-24;;1;6409.0
img_4635558.jpg;4635558;C;39200.0;980.0;27-08-27;9878.0;1;5773.0
img_4635562.jpg;4635562;AA;40800.0;1020.0;22-05-27;35533.68;0;0.0
img_4635564.jpg;4635564;BQ;32100.0;802.5;29-05-26;8103.0;1;6165.0
img_4635567.jpg;4635567;AA;40300.0;1007.5;16-11-21;10153.0;1;4728.0
img_4635578.jpg;4635578;AA;47300.0;1182.5;22-08-28;11903.0;1;4048.0
img_4635586.jpg;4635586;AC;50000.0;1250.0;22-01-27;12578.0;1;4235.0
img_4635588.jpg;4635588;AA;24400.0;610.0;31-08-27;6178.0;1;6448.0
img_4635607.jpg;4635607;RE;50900.0;1272.5;16-12-26;12803.0;1;4972.0
img_4635617.jpg;4635617;DA;31200.0;780.0;18-10-22;7878.0;1;9355.0
img_4635622.jpg;4635622;AA;49500.0;1237.5;16-09-28;12453.0;1;7762.0
img_4635642.jpg;4635642;AA;31100.0;777.5;30-08-22;7853.0;1;6995.0
img_4635663.jpg;4635663;BC;27400.0;685.0;24-03-26;6928.0;1;8846.0
img_4635680.jpg;4635680;A;51300.0;1282.5;10-05-27;12903.0;1;2761.0
img_4635683.jpg;4635683;O;28100.0;702.5;22-06-25;7103.0;1;3957.0
img_4635689.jpg;4635689;RE;34900.0;872.5;16-10-25;8803.0;1;4906.0
img_4635703.jpg;4635703;O;30000.0;750.0;29-01-26;7578.0;1;4121.0
img_4635721.jpg;4635721;AA;50300.0;1257.5;07-01-22;43798.68;0;0.0
img_4635728.jpg;4635728;BC;41800.0;1045.0;23-10-27;10528.0;1;4766.0
img_4635761.jpg;4635761;RE;23400.0;585.0;30-07-23;5928.0;1;4527.0
img_4635779.jpg;4635779;O;47300.0;1182.5;03-10-26;11903.0;1;8926.0
img_4635781.jpg;4635781;AC;32500.0;812.5;11-10-23;8203.0;1;6780.0
img_4635792.jpg;4635792;C;26600.0;665.0;03-12-21;6728.0;1;925.0
img_4635806.jpg;4635806;A;48300.0;1207.5;27-08-26;12153.0;1;182.0
img_4635807.jpg;4635807;B;37100.0;927.5;20-12-28;9353.0;1;3551.0
img_4635814.jpg;4635814;BC;;;14-01-23;;1;2314.0
img_4635824.jpg;4635824;C;47200.0;1180.0;26-01-26;11878.0;1;5051.0
img_4635842.jpg;4635842;B;23800.0;595.0;22-10-25;6028.0;1;6166.0
img_4635849.jpg;4635849;O;25800.0;645.0;03-05-27;6528.0;1;353.0
img_4635850.jpg;4635850;C;51800.0;1295.0;16-01-22;13028.0;1;5775.0
img_4635854.jpg;4635854;O;;;17-02-28;;1;395.0
img_4635865.jpg;4635865;B;35400.0;885.0;21-06-26;8928.0;1;7006.0
img_4635892.jpg;4635892;DA;43300.0;1082.5;09-08-22;10903.0;1;677.0
img_4635898.jpg;4635898;C;35500.0;887.5;24-09-28;8953.0;1;100.0
img_4635910.jpg;4635910;B;43000.0;1075.0;06-01-26;10828.0;1;9702.0
img_4635923.jpg;4635923;B;28400.0;710.0;26-10-24;7178.0;1;15836.0
img_4635940.jpg;4635940;B;;;23-04-24;;1;4607.0
img_4635954.jpg;4635954;C;34100.0;852.5;07-09-24;8603.0;1;8788.0
img_4635955.jpg;4635955;AC;15000.0;375.0;21-03-28;3828.0;1;3024.0
img_4635963.jpg;4635963;B;27800.0;695.0;24-07-22;7028.0;1;3290.0
img_4635987.jpg;4635987;O;40800.0;1020.0;04-06-25;10278.0;1;6583.0
img_4635995.jpg;4635995;RE;29600.0;740.0;07-04-22;7478.0;1;3607.0
img_4636005.jpg;4636005;A;48700.0;1217.5;26-04-28;12253.0;1;3192.0
img_4636012.jpg;4636012;BQ;24800.0;620.0;20-06-23;6278.0;1;8830.0
img_4636027.jpg;4636027;C;31400.0;785.0;10-01-27;7928.0;1;5000.0
img_4636051.jpg;4636051;BQ;35000.0;875.0;30-05-26;8828.0;1;649.0
img_4636065.jpg;4636065;BQ;42700.0;1067.5;30-05-27;10753.0;1;3792.0
img_4636071.jpg;4636071;BC;24100.0;602.5;08-10-27;6103.0;1;8601.0
img_4636072.jpg;4636072;RE;49300.0;1232.5;16-09-24;12403.0;1;716.0
img_4636081.jpg;4636081;BC;30900.0;772.5;28-01-23;7803.0;1;644.0
img_4636092.jpg;4636092;BC;45600.0;1140.0;18-01-25;11478.0;1;2995.0
img_4636095.jpg;4636095;BB;52600.0;1315.0;23-11-28;13228.0;1;3293.0
img_4636101.jpg;4636101;BQ;31100.0;777.5;06-01-22;7853.0;1;6549.0
img_4636110.jpg;4636110;BC;39100.0;977.5;15-12-23;9853.0;1;3233.0
img_4636122.jpg;4636122;BB;36300.0;907.5;18-09-28;9153.0;1;902.0
img_4636135.jpg;4636135;BB;28900.0;722.5;18-07-26;7303.0;1;5176.0
img_4636143.jpg;4636143;AC;52700.0;1317.5;15-12-26;13253.0;1;3521.0
img_4636156.jpg;4636156;BC;38000.0;950.0;31-10-22;9578.0;1;809.0
img_4636159.jpg;4636159;O;36900.0;922.5;03-12-24;9303.0;1;674.0
img_4636168.jpg;4636168;B;41600.0;1040.0;12-07-27;10478.0;1;1665.0
img_4636232.jpg;4636232;O;48700.0;1217.5;14-12-28;12253.0;1;3526.0
img_4636257.jpg;4636257;BQ;27400.0;685.0;04-05-28;6928.0;1;2865.0
img_4636259.jpg;4636259;AC;44100.0;1102.5;22-01-22;11103.0;1;678.0
img_4636278.jpg;4636278;B;51000.0;1275.0;03-02-23;12828.0;1;6952.0
img_4636285.jpg;4636285;BC;29100.0;727.5;05-12-22;7353.0;1;8307.0
img_4636333.jpg;4636333;B;;;30-10-24;;1;
img_4636375.jpg;4636375;AC;42300.0;1057.5;04-05-24;10653.0;1;361.0
img_4636380.jpg;4636380;AA;34200.0;855.0;31-03-24;8628.0;1;550.0
img_4636384.jpg;4636384;DA;45600.0;1140.0;12-03-24;11478.0;1;6324.0
img_4636391.jpg;4636391;BB;32500.0;812.5;11-06-24;8203.0;1;459.0
img_4636396.jpg;4636396;A;38700.0;967.5;13-08-22;9753.0;1;6692.0
img_4636402.jpg;4636402;AC;44600.0;1115.0;12-11-25;11228.0;1;5016.0
img_4636406.jpg;4636406;RE;39100.0;977.5;29-07-23;9853.0;1;6879.0
img_4636416.jpg;4636416;O;31600.0;790.0;07-08-26;7978.0;1;6041.0
img_4636427.jpg;4636427;AA;36200.0;905.0;24-03-24;9128.0;1;5660.0
img_4636445.jpg;4636445;A;25900.0;647.5;09-08-24;6553.0;1;1011.0
img_4636459.jpg;4636459;BC;31500.0;787.5;09-03-23;7953.0;1;487.0
img_4636461.jpg;4636461;DA;34700.0;867.5;08-12-27;8753.0;1;6981.0
img_4636466.jpg;4636466;B;52000.0;1300.0;01-07-22;13078.0;1;639.0
img_4636473.jpg;4636473;AC;43900.0;1097.5;15-12-25;11053.0;1;5936.0
img_4636484.jpg;4636484;RE;28600.0;715.0;29-02-28;7228.0;1;4854.0
img_4636487.jpg;4636487;AA;45100.0;1127.5;29-06-26;11353.0;1;8395.0
img_4636502.jpg;4636502;DA;46100.0;1152.5;10-10-25;11603.0;1;7277.0
img_4636510.jpg;4636510;DA;48500.0;1212.5;14-11-21;12203.0;1;9073.0
img_4636523.jpg;4636523;BB;31000.0;775.0;01-03-25;7828.0;1;9560.0
img_4636527.jpg;4636527;B;43600.0;1090.0;17-12-23;10978.0;1;6445.0
img_4636546.jpg;4636546;BB;26500.0;662.5;05-10-22;6703.0;1;7759.0
img_4636575.jpg;4636575;A;42100.0;1052.5;20-01-24;10603.0;1;7627.0
img_4636577.jpg;4636577;AA;24000.0;600.0;08-12-24;6078.0;1;5612.0
img_4636584.jpg;4636584;AC;52900.0;1322.5;26-10-27;13303.0;1;10302.0
img_4636586.jpg;4636586;BQ;51400.0;1285.0;13-07-27;12928.0;1;3745.0
img_4636589.jpg;4636589;BC;32500.0;812.5;18-02-26;8203.0;1;6857.0
img_4636597.jpg;4636597;B;49200.0;1230.0;15-12-23;12378.0;1;
img_4636599.jpg;4636599;RE;38300.0;957.5;17-12-22;9653.0;1;4991.0
img_4636613.jpg;4636613;RE;50200.0;1255.0;14-04-27;12628.0;1;6763.0
img_4636644.jpg;4636644;BC;40900.0;1022.5;09-10-24;10303.0;1;5490.0
img_4636670.jpg;4636670;A;37500.0;937.5;21-11-23;9453.0;1;4497.0
img_4636680.jpg;4636680;AC;41600.0;1040.0;04-04-23;10478.0;1;7314.0
img_4636681.jpg;4636681;BB;27400.0;685.0;07-03-25;6928.0;1;8022.0
img_4636687.jpg;4636687;BQ;29000.0;725.0;25-03-26;7328.0;1;9942.0
img_4636698.jpg;4636698;BC;27700.0;692.5;06-03-24;7003.0;1;3784.0
img_4636699.jpg;4636699;AA;36200.0;905.0;10-02-23;9128.0;1;8111.0
img_4636703.jpg;4636703;RE;;;11-04-24;;1;838.0
img_4636711.jpg;4636711;BC;43600.0;1090.0;09-07-23;10978.0;1;4711.0
img_4636729.jpg;4636729;BQ;39900.0;997.5;28-05-26;10053.0;1;2943.0
img_4636748.jpg;4636748;AC;29300.0;732.5;21-09-26;7403.0;1;6767.0
img_4636763.jpg;4636763;A;26600.0;665.0;11-05-24;6728.0;1;6441.0
img_4636774.jpg;4636774;RE;31500.0;787.5;25-12-26;7953.0;1;7009.0
img_4636777.jpg;4636777;A;;;01-06-28;;1;5752.0
img_4636781.jpg;4636781;AC;;;05-04-24;;1;5873.0
img_4636783.jpg;4636783;DA;32200.0;805.0;21-08-23;8128.0;1;3049.0
img_4636799.jpg;4636799;AC;;;13-04-27;;1;470.0
img_4636849.jpg;4636849;BQ;43700.0;1092.5;05-10-26;11003.0;1;10291.0
img_4636868.jpg;4636868;BB;45500.0;1137.5;07-03-23;11453.0;1;3748.0
img_4636873.jpg;4636873;AC;52400.0;1310.0;11-06-22;13178.0;1;4243.0
img_4636874.jpg;4636874;BQ;26100.0;652.5;17-07-23;6603.0;1;481.0
img_4636889.jpg;4636889;C;36300.0;907.5;31-01-22;9153.0;1;6959.0
img_4636917.jpg;4636917;O;38900.0;972.5;29-04-28;9803.0;1;4171.0
img_4636924.jpg;4636924;DA;34800.0;870.0;31-12-24;8778.0;1;4431.0
img_4636936.jpg;4636936;DA;40500.0;1012.5;13-09-27;10203.0;1;9855.0
img_4636945.jpg;4636945;B;32500.0;812.5;07-07-28;8203.0;1;6141.0
img_4636951.jpg;4636951;BQ;36800.0;920.0;10-02-25;9278.0;1;4418.0
img_4637000.jpg;4637000;BQ;41500.0;1037.5;30-12-23;10453.0;1;3363.0
img_4637001.jpg;4637001;AA;34800.0;870.0;29-04-22;8778.0;1;2955.0
img_4637012.jpg;4637012;AA;39900.0;997.5;30-11-28;34750.68;0;0.0
img_4637028.jpg;4637028;C;42800.0;1070.0;01-12-24;10778.0;1;330.0
img_4637051.jpg;4637051;AC;42600.0;1065.0;26-04-28;10728.0;1;790.0
img_4637053.jpg;4637053;AA;51600.0;1290.0;12-09-22;12978.0;1;499.0
img_4637061.jpg;4637061;RE;30800.0;770.0;17-02-22;7778.0;1;3201.0
img_4637079.jpg;4637079;BB;26500.0;662.5;11-06-27;6703.0;1;4039.0
img_4637086.jpg;4637086;AC;51700.0;1292.5;19-09-26;13003.0;1;5546.0
img_4637095.jpg;4637095;AA;40000.0;1000.0;17-06-22;10078.0;1;727.0
img_4637157.jpg;4637157;BQ;51100.0;1277.5;20-02-27;12853.0;1;7250.0
img_4637159.jpg;4637159;BC;27700.0;692.5;19-05-27;7003.0;1;5605.0
img_4637160.jpg;4637160;C;35000.0;875.0;11-01-28;8828.0;1;2139.0
img_4637175.jpg;4637175;AA;42700.0;1067.5;28-02-26;10753.0;1;3463.0
img_4637179.jpg;4637179;RE;30800.0;770.0;23-11-25;7778.0;1;715.0
img_4637195.jpg;4637195;A;42300.0;1057.5;05-03-28;10653.0;1;9300.0
img_4637200.jpg;4637200;BQ;43800.0;1095.0;21-11-27;11028.0;1;2846.0
img_4637205.jpg;4637205;C;48000.0;1200.0;22-02-26;12078.0;1;5111.0
img_4637214.jpg;4637214;RE;36200.0;905.0;22-10-26;9128.0;1;3790.0
img_4637237.jpg;4637237;DA;52300.0;1307.5;17-02-25;13153.0;1;4565.0
img_4637274.jpg;4637274;RE;38800.0;970.0;11-12-26;9778.0;1;6304.0
img_4637275.jpg;4637275;A;29600.0;740.0;29-12-26;7478.0;1;7970.0
img_4637280.jpg;4637280;A;26000.0;650.0;17-11-28;6578.0;1;6598.0
img_4637292.jpg;4637292;BB;30800.0;770.0;11-06-27;7778.0;1;634.0
img_4637297.jpg;4637297;O;27400.0;685.0;29-02-24;6928.0;1;10427.0
img_4637304.jpg;4637304;BQ;44000.0;1100.0;23-03-28;11078.0;1;7896.0
img_4637313.jpg;4637313;DA;37200.0;930.0;25-04-23;9378.0;1;3558.0
img_4637315.jpg;4637315;BC;41300.0;1032.5;17-07-23;10403.0;1;2863.0
img_4637345.jpg;4637345;BB;51000.0;1275.0;06-11-23;12828.0;1;8690.0
img_4637347.jpg;4637347;RE;36900.0;922.5;19-07-24;9303.0;1;3270.0
img_4637370.jpg;4637370;AC;43900.0;1097.5;29-07-23;11053.0;1;3049.0
img_4637389.jpg;4637389;RE;47100.0;1177.5;23-01-24;11853.0;1;2851.0
img_4637392.jpg;4637392;C;44500.0;1112.5;23-07-23;11203.0;1;3924.0
img_4637399.jpg;4637399;RE;24300.0;607.5;13-09-26;6153.0;1;8488.0
img_4637423.jpg;4637423;AC;39600.0;990.0;15-11-23;9978.0;1;6838.0
img_4637438.jpg;4637438;O;46200.0;1155.0;13-03-25;11628.0;1;3615.0
img_4637443.jpg;4637443;BQ;25100.0;627.5;23-03-28;6353.0;1;558.0
img_4637449.jpg;4637449;DA;33100.0;827.5;05-04-23;8353.0;1;1074.0
img_4637500.jpg;4637500;RE;35800.0;895.0;19-12-24;9028.0;1;5842.0
img_4637503.jpg;4637503;AA;31400.0;785.0;25-11-22;7928.0;1;5336.0
img_4637513.jpg;4637513;C;46300.0;1157.5;13-10-27;11653.0;1;3182.0
img_4637514.jpg;4637514;A;40800.0;1020.0;26-06-26;10278.0;1;4977.0
img_4637531.jpg;4637531;BQ;45000.0;1125.0;14-01-25;11328.0;1;2641.0
img_4637536.jpg;4637536;C;46900.0;1172.5;22-08-25;11803.0;1;5339.0
img_4637557.jpg;4637557;C;39100.0;977.5;28-09-22;9853.0;1;701.0
img_4637564.jpg;4637564;C;52600.0;1315.0;26-03-25;13228.0;1;658.0
img_4637573.jpg;4637573;B;33200.0;830.0;28-04-28;8378.0;1;6478.0
img_4637595.jpg;4637595;BB;38600.0;965.0;25-04-27;9728.0;1;105.0
img_4637608.jpg;4637608;B;53000.0;1325.0;02-07-22;13328.0;1;531.0
img_4637611.jpg;4637611;AA;43500.0;1087.5;27-10-26;10953.0;1;4530.0
img_4637613.jpg;4637613;RE;41100.0;1027.5;05-06-28;10353.0;1;4625.0
img_4637617.jpg;4637617;A;24600.0;615.0;06-12-24;6228.0;1;6067.0
img_4637619.jpg;4637619;RE;50800.0;1270.0;11-03-23;12778.0;1;3471.0
img_4637643.jpg;4637643;AA;24800.0;620.0;07-07-22;6278.0;1;5888.0
img_4637674.jpg;4637674;AA;39500.0;987.5;17-03-27;34402.68;0;0.0
img_4637680.jpg;4637680;C;37500.0;937.5;26-10-27;9453.0;1;6228.0
img_4637693.jpg;4637693;BB;29500.0;737.5;15-04-25;7453.0;1;5065.0
img_4637697.jpg;4637697;C;24700.0;617.5;04-02-27;6253.0;1;440.0
img_4637714.jpg;4637714;C;27300.0;682.5;15-12-26;6903.0;1;6471.0
img_4637722.jpg;4637722;RE;27500.0;687.5;15-08-26;6953.0;1;3330.0
img_4637727.jpg;4637727;BQ;26100.0;652.5;19-03-28;6603.0;1;4031.0
img_4637728.jpg;4637728;O;46200.0;1155.0;07-10-27;11628.0;1;5364.0
img_4637735.jpg;4637735;C;31000.0;775.0;29-05-28;7828.0;1;9131.0
img_4637739.jpg;4637739;DA;28700.0;717.5;19-11-26;7253.0;1;4439.0
img_4637756.jpg;4637756;B;34900.0;872.5;23-10-26;8803.0;1;4182.0
img_4637766.jpg;4637766;DA;;;28-03-24;;1;5951.0
img_4637790.jpg;4637790;BQ;28700.0;717.5;26-05-28;7253.0;1;3935.0
img_4637794.jpg;4637794;BC;43200.0;1080.0;16-03-26;10878.0;1;6256.0
img_4637873.jpg;4637873;A;53100.0;1327.5;15-12-23;13353.0;1;4867.0
img_4637927.jpg;4637927;DA;44100.0;1102.5;30-04-24;11103.0;1;6793.0
img_4637933.jpg;4637933;RE;36400.0;910.0;22-03-27;9178.0;1;2587.0
img_4637941.jpg;4637941;AC;30500.0;762.5;06-10-22;7703.0;1;415.0
img_4637947.jpg;4637947;A;36500.0;912.5;11-04-23;31792.68;0;0.0
img_4637980.jpg;4637980;BQ;46400.0;1160.0;19-06-25;11678.0;1;5520.0
img_4637989.jpg;4637989;BB;28000.0;700.0;23-05-24;7078.0;1;3928.0
img_4638007.jpg;4638007;BB;;;07-12-22;;1;6020.0
img_4638016.jpg;4638016;B;33600.0;840.0;18-03-27;8478.0;1;7731.0
img_4638023.jpg;4638023;BB;46100.0;1152.5;23-09-24;11603.0;1;7119.0
img_4638025.jpg;4638025;BQ;53500.0;1337.5;24-08-24;13453.0;1;6542.0
img_4638035.jpg;4638035;BQ;;;08-04-25;;1;3769.0
img_4638059.jpg;4638059;BC;43700.0;1092.5;18-08-28;11003.0;1;936.0
img_4638067.jpg;4638067;BB;43700.0;1092.5;22-02-24;11003.0;1;4506.0
img_4638091.jpg;4638091;DA;36900.0;922.5;30-01-22;9303.0;1;3369.0
img_4638128.jpg;4638128;BQ;41600.0;1040.0;05-09-28;10478.0;1;3597.0
img_4638141.jpg;4638141;BQ;43000.0;1075.0;03-07-25;37447.68;0;0.0
img_4638144.jpg;4638144;BQ;48600.0;1215.0;07-11-28;12228.0;1;6079.0
img_4638150.jpg;4638150;BC;;;20-05-22;;1;6309.0
img_4638152.jpg;4638152;B;35000.0;875.0;09-05-25;8828.0;1;6802.0
img_4638154.jpg;4638154;C;29900.0;747.5;27-09-28;7553.0;1;5167.0
img_4638171.jpg;4638171;AA;28200.0;705.0;15-11-22;7128.0;1;1069.0
img_4638178.jpg;4638178;RE;41500.0;1037.5;28-03-24;10453.0;1;6880.0
img_4638182.jpg;4638182;O;33400.0;835.0;07-08-23;8428.0;1;4996.0
img_4638186.jpg;4638186;C;29600.0;740.0;30-08-24;7478.0;1;7755.0
img_4638190.jpg;4638190;B;42900.0;1072.5;11-06-25;10803.0;1;6224.0
img_4638203.jpg;4638203;BQ;38500.0;962.5;16-12-25;9703.0;1;4058.0
img_4638215.jpg;4638215;BB;35200.0;880.0;28-04-26;8878.0;1;3245.0
img_4638254.jpg;4638254;C;29000.0;725.0;12-12-25;7328.0;1;5605.0
img_4638264.jpg;4638264;C;30600.0;765.0;24-06-24;7728.0;1;668.0
img_4638286.jpg;4638286;BB;31100.0;777.5;16-01-23;7853.0;1;8304.0
img_4638296.jpg;4638296;C;50400.0;1260.0;15-09-22;12678.0;1;3337.0
img_4638318.jpg;4638318;BC;48700.0;1217.5;23-11-24;12253.0;1;4098.0
img_4638321.jpg;4638321;AC;45000.0;1125.0;03-11-28;11328.0;1;5682.0
img_4638322.jpg;4638322;BC;28800.0;720.0;23-11-28;7278.0;1;4746.0
img_4638336.jpg;4638336;BQ;45900.0;1147.5;16-05-25;11553.0;1;4336.0
img_4638337.jpg;4638337;RE;36500.0;912.5;07-02-23;9203.0;1;536.0
img_4638367.jpg;4638367;C;44600.0;1115.0;04-01-26;11228.0;1;829.0
img_4638388.jpg;4638388;O;29000.0;725.0;16-06-24;7328.0;1;4118.0
img_4638392.jpg;4638392;A;40900.0;1022.5;29-12-28;10303.0;1;7010.0
img_4638395.jpg;4638395;DA;;;17-02-28;;1;1159.0
img_4638398.jpg;4638398;B;25600.0;640.0;06-06-26;6478.0;1;9055.0
img_4638400.jpg;4638400;O;23000.0;575.0;29-05-24;5828.0;1;3000.0
img_4638411.jpg;4638411;RE;29400.0;735.0;08-07-26;7428.0;1;1573.0
img_4638416.jpg;4638416;O;38300.0;957.5;24-01-24;9653.0;1;10177.0
img_4638424.jpg;4638424;BQ;;;08-12-21;;1;3551.0
img_4638428.jpg;4638428;RE;24600.0;615.0;27-11-25;6228.0;1;738.0
img_4638440.jpg;4638440;BC;38400.0;960.0;02-05-24;9678.0;1;561.0
img_4638449.jpg;4638449;RE;40200.0;1005.0;13-06-28;10128.0;1;4273.0
img_4638463.jpg;4638463;BQ;49500.0;1237.5;17-03-24;12453.0;1;7056.0
img_4638465.jpg;4638465;BQ;30400.0;760.0;21-06-28;7678.0;1;3377.0
img_4638479.jpg;4638479;RE;53300.0;1332.5;05-08-27;13403.0;1;5444.0
img_4638484.jpg;4638484;RE;27100.0;677.5;18-01-26;6853.0;1;3656.0
img_4638487.jpg;4638487;A;37400.0;935.0;10-01-22;9428.0;1;5113.0
img_4638496.jpg;4638496;B;36300.0;907.5;28-03-24;9153.0;1;5526.0
img_4638503.jpg;4638503;O;;;22-08-25;;1;4394.0
img_4638508.jpg;4638508;BQ;35100.0;877.5;21-10-28;8853.0;1;3222.0
img_4638510.jpg;4638510;AA;24300.0;607.5;18-10-25;6153.0;1;5762.0
img_4638518.jpg;4638518;AA;32300.0;807.5;29-06-24;8153.0;1;4674.0
img_4638520.jpg;4638520;AC;30800.0;770.0;28-12-25;7778.0;1;440.0
img_4638542.jpg;4638542;DA;41200.0;1030.0;05-09-28;10378.0;1;3450.0
img_4638552.jpg;4638552;O;53400.0;1335.0;23-11-21;13428.0;1;2318.0
img_4638561.jpg;4638561;C;43000.0;1075.0;18-02-27;10828.0;1;3370.0
img_4638563.jpg;4638563;RE;38900.0;972.5;31-07-27;9803.0;1;7185.0
img_4638566.jpg;4638566;DA;50600.0;1265.0;10-04-23;12728.0;1;8582.0
img_4638578.jpg;4638578;O;38000.0;950.0;14-07-26;9578.0;1;4248.0
img_4638583.jpg;4638583;O;42300.0;1057.5;29-12-26;10653.0;1;2181.0
img_4638603.jpg;4638603;RE;44700.0;1117.5;29-09-27;11253.0;1;4629.0
img_4638613.jpg;4638613;O;24100.0;602.5;09-12-23;6103.0;1;5893.0
img_4638641.jpg;4638641;BB;48200.0;1205.0;04-09-24;12128.0;1;6384.0
img_4638662.jpg;4638662;RE;;;17-06-25;;1;9088.0
img_4638686.jpg;4638686;O;46100.0;1152.5;31-12-24;11603.0;1;4356.0
img_4638688.jpg;4638688;BQ;23700.0;592.5;05-08-27;6003.0;1;6781.0
img_4638701.jpg;4638701;B;50200.0;1255.0;06-05-27;12628.0;1;3292.0
img_4638711.jpg;4638711;AC;26900.0;672.5;21-02-28;6803.0;1;5264.0
img_4638717.jpg;4638717;BC;47000.0;1175.0;24-08-27;11828.0;1;5459.0
img_4638718.jpg;4638718;AA;29200.0;730.0;20-10-22;7378.0;1;2360.0
img_4638723.jpg;4638723;RE;39200.0;980.0;24-12-25;9878.0;1;6038.0
img_4638757.jpg;4638757;C;31500.0;787.5;25-11-24;7953.0;1;568.0
img_4638758.jpg;4638758;A;40200.0;1005.0;15-11-22;10128.0;1;3957.0
img_4638759.jpg;4638759;AA;;;28-07-24;;1;4172.0
img_4638768.jpg;4638768;AC;26100.0;652.5;06-01-28;6603.0;1;621.0
img_4638780.jpg;4638780;O;30800.0;770.0;22-07-23;7778.0;1;3130.0
img_4638805.jpg;4638805;O;34300.0;857.5;27-12-22;8653.0;1;990.0
img_4638816.jpg;4638816;BB;53000.0;1325.0;26-01-28;13328.0;1;325.0
img_4638824.jpg;4638824;A;53500.0;1337.5;20-09-22;13453.0;1;2926.0
img_4638825.jpg;4638825;BQ;24300.0;607.5;24-03-23;6153.0;1;2598.0
img_4638853.jpg;4638853;BC;48400.0;1210.0;16-04-28;12178.0;1;5976.0
img_4638873.jpg;4638873;BC;35600.0;890.0;23-09-24;8978.0;1;654.0
img_4638879.jpg;4638879;BQ;27200.0;680.0;24-05-28;6878.0;1;4450.0
img_4638884.jpg;4638884;BC;46400.0;1160.0;17-04-22;11678.0;1;6278.0
img_4638889.jpg;4638889;DA;30800.0;770.0;22-11-27;7778.0;1;5886.0
img_4638902.jpg;4638902;BQ;32100.0;802.5;16-08-22;8103.0;1;1060.0
img_4638904.jpg;4638904;DA;25400.0;635.0;01-04-25;6428.0;1;7931.0
img_4638960.jpg;4638960;BQ;36600.0;915.0;27-12-21;9228.0;1;2716.0
img_4638978.jpg;4638978;RE;39100.0;977.5;08-09-24;9853.0;1;8277.0
img_4638987.jpg;4638987;O;36700.0;917.5;06-07-23;9253.0;1;840.0
img_7761263.jpg;7761263;BC;23300.0;582.5;09-12-23;20308.68;0;0.0
img_7761396.jpg;7761396;BC;25900.0;647.5;22-06-23;22570.68;0;0.0
img_7761480.jpg;7761480;RE;40900.0;1022.5;07-06-28;35620.68;0;0.0
img_7761878.jpg;7761878;O;30100.0;752.5;13-04-22;26224.68;0;0.0
img_7762023.jpg;7762023;BB;43700.0;1092.5;10-10-26;38056.68;0;0.0
img_7762199.jpg;7762199;AC;51000.0;1275.0;17-12-25;44407.68;0;0.0
img_7762221.jpg;7762221;A;27900.0;697.5;04-08-26;24310.68;0;0.0
img_7762972.jpg;7762972;B;33900.0;847.5;11-03-27;29530.68;0;0.0
img_7763076.jpg;7763076;RE;43600.0;1090.0;07-05-26;37969.68;0;0.0
img_7763281.jpg;7763281;BB;24100.0;602.5;13-11-25;21004.68;0;0.0
img_7763290.jpg;7763290;DA;41400.0;1035.0;03-05-28;36055.68;0;0.0
img_7763565.jpg;7763565;A;32400.0;810.0;12-06-24;28225.68;0;0.0
img_7763604.jpg;7763604;C;51100.0;1277.5;30-01-22;44494.68;0;0.0
img_7763724.jpg;7763724;RE;;;13-12-23;;0;0.0
img_7763870.jpg;7763870;O;53400.0;1335.0;15-04-23;46495.68;0;0.0
img_7764027.jpg;7764027;AA;48600.0;1215.0;08-11-21;42319.68;0;0.0
img_7764067.jpg;7764067;C;48500.0;1212.5;23-02-23;42232.68;0;0.0
img_7764511.jpg;7764511;BB;;;18-11-25;;1;3227.0
img_7764514.jpg;7764514;AC;41200.0;1030.0;19-03-26;10378.0;1;6462.0
img_7764537.jpg;7764537;BQ;29700.0;742.5;21-12-22;7503.0;1;8633.0
img_7764577.jpg;7764577;BQ;41200.0;1030.0;10-05-28;10378.0;1;3448.0
img_7764578.jpg;7764578;A;42000.0;1050.0;08-09-22;10578.0;1;4200.0
img_7764586.jpg;7764586;AC;32400.0;810.0;07-06-26;8178.0;1;8666.0
img_7764604.jpg;7764604;BB;42700.0;1067.5;25-10-23;10753.0;1;6320.0
img_7764614.jpg;7764614;A;38600.0;965.0;08-03-25;9728.0;1;653.0
img_7764615.jpg;7764615;O;34200.0;855.0;28-06-22;8628.0;1;6692.0
img_7764639.jpg;7764639;RE;43600.0;1090.0;16-06-22;10978.0;1;2988.0
img_7764641.jpg;7764641;C;33200.0;830.0;04-07-28;8378.0;1;2701.0
img_7764657.jpg;7764657;O;45200.0;1130.0;05-10-22;11378.0;1;8032.0
img_7764668.jpg;7764668;AA;39800.0;995.0;11-03-27;10028.0;1;4349.0
img_7764681.jpg;7764681;BC;30500.0;762.5;05-07-26;7703.0;1;4803.0
img_7764685.jpg;7764685;A;26700.0;667.5;16-03-24;6753.0;1;3297.0
img_7764686.jpg;7764686;C;35000.0;875.0;18-08-26;8828.0;1;600.0
img_7764700.jpg;7764700;RE;38100.0;952.5;18-06-27;9603.0;1;2456.0
img_7764716.jpg;7764716;A;38700.0;967.5;08-12-22;9753.0;1;2943.0
img_7764722.jpg;7764722;BC;31000.0;775.0;09-11-25;7828.0;1;6630.0
img_7764738.jpg;7764738;RE;28600.0;715.0;22-07-28;7228.0;1;5045.0
img_7764743.jpg;7764743;O;50000.0;1250.0;05-08-23;12578.0;1;2825.0
img_7764765.jpg;7764765;BQ;47000.0;1175.0;02-04-26;40927.68;0;0.0
img_7764768.jpg;7764768;AA;36500.0;912.5;12-09-27;9203.0;1;3686.0
img_7764785.jpg;7764785;BC;52400.0;1310.0;30-06-26;13178.0;1;10495.0
img_7764788.jpg;7764788;BB;23300.0;582.5;29-12-24;5903.0;1;4960.0
img_7764804.jpg;7764804;AA;26200.0;655.0;25-01-27;6628.0;1;10524.0
img_7764807.jpg;7764807;B;38600.0;965.0;21-11-23;9728.0;1;500.0
img_7764865.jpg;7764865;BQ;48200.0;1205.0;15-01-23;12128.0;1;23000.0
img_7764878.jpg;7764878;A;41500.0;1037.5;23-06-24;10453.0;1;2552.0
img_7764883.jpg;7764883;A;52300.0;1307.5;02-05-26;13153.0;1;473.0
img_7764906.jpg;7764906;B;32500.0;812.5;17-09-25;8203.0;1;4364.0
img_7764918.jpg;7764918;A;32400.0;810.0;12-10-26;8178.0;1;430.0
img_7764921.jpg;7764921;DA;38600.0;965.0;15-01-27;9728.0;1;6583.0
img_7764922.jpg;7764922;BC;27000.0;675.0;10-07-28;6828.0;1;3105.0
img_7764927.jpg;7764927;O;37100.0;927.5;09-09-28;9353.0;1;539.0
img_7764931.jpg;7764931;BQ;26400.0;660.0;03-10-25;6678.0;1;6787.0
img_7764941.jpg;7764941;C;29400.0;735.0;17-07-22;7428.0;1;347.0
img_7764945.jpg;7764945;A;36600.0;915.0;11-04-25;9228.0;1;3409.0
img_7764962.jpg;7764962;AA;50500.0;1262.5;29-03-28;12703.0;1;1734.0
img_7764966.jpg;7764966;BB;36900.0;922.5;28-06-22;9303.0;1;953.0
img_7764977.jpg;7764977;B;46600.0;1165.0;14-01-22;11728.0;1;5720.0
img_7764995.jpg;7764995;BQ;50700.0;1267.5;10-07-25;12753.0;1;6194.0
img_7765003.jpg;7765003;BQ;34400.0;860.0;23-06-23;8678.0;1;2178.0
img_7765008.jpg;7765008;DA;34300.0;857.5;20-04-23;8653.0;1;3979.0
img_7765012.jpg;7765012;BC;30900.0;772.5;13-08-25;7803.0;1;5940.0
img_7765014.jpg;7765014;BQ;;;15-04-27;;1;9282.0
img_7765016.jpg;7765016;BB;51600.0;1290.0;07-08-28;12978.0;1;4523.0
img_7765018.jpg;7765018;C;44100.0;1102.5;06-11-27;11103.0;1;7346.0
img_7765041.jpg;7765041;BQ;41500.0;1037.5;08-08-28;10453.0;1;5469.0
img_7765044.jpg;7765044;C;26100.0;652.5;17-11-23;6603.0;1;6787.0
img_7765048.jpg;7765048;DA;29500.0;737.5;17-01-27;7453.0;1;5408.0
img_7765049.jpg;7765049;O;46900.0;1172.5;22-04-28;11803.0;1;4753.0
img_7765078.jpg;7765078;BQ;36300.0;907.5;19-05-27;9153.0;1;6298.0
img_7765094.jpg;7765094;AC;23500.0;587.5;08-05-22;5953.0;1;5440.0
img_7765120.jpg;7765120;DA;24400.0;610.0;18-11-23;6178.0;1;10539.0
img_7765153.jpg;7765153;BB;38900.0;972.5;08-07-28;9803.0;1;2993.0
img_7765163.jpg;7765163;B;39300.0;982.5;05-10-24;9903.0;1;5409.0
img_7765176.jpg;7765176;B;28500.0;712.5;10-01-28;7203.0;1;4139.0
img_7765211.jpg;7765211;DA;37800.0;945.0;23-07-22;9528.0;1;4747.0
img_7765224.jpg;7765224;A;;;21-11-25;;1;2698.0
img_7765233.jpg;7765233;AA;38300.0;957.5;07-02-28;33358.68;0;0.0
img_7765274.jpg;7765274;AC;27600.0;690.0;01-05-26;6978.0;1;8849.0
img_7765307.jpg;7765307;BQ;24000.0;600.0;26-10-23;6078.0;1;2706.0
img_7765341.jpg;7765341;BQ;33600.0;840.0;09-08-23;8478.0;1;6586.0
img_7765362.jpg;7765362;B;44200.0;1105.0;05-12-21;11128.0;1;1183.0
img_7765381.jpg;7765381;BQ;31000.0;775.0;02-04-26;7828.0;1;4072.0
img_7765387.jpg;7765387;C;41200.0;1030.0;12-12-26;10378.0;1;2972.0
img_7765420.jpg;7765420;DA;40400.0;1010.0;21-11-21;10178.0;1;1208.0
img_7765424.jpg;7765424;AC;36300.0;907.5;03-11-22;9153.0;1;3359.0
img_7765426.jpg;7765426;C;39800.0;995.0;08-01-22;10028.0;1;7655.0
img_7765429.jpg;7765429;O;46000.0;1150.0;11-01-26;11578.0;1;5638.0
img_7765442.jpg;7765442;AC;29100.0;727.5;31-07-23;7353.0;1;5168.0
img_7765460.jpg;7765460;AC;35500.0;887.5;07-03-23;8953.0;1;3764.0
img_7765469.jpg;7765469;BB;36800.0;920.0;31-08-24;9278.0;1;3135.0
img_7765484.jpg;7765484;B;53500.0;1337.5;08-10-25;13453.0;1;714.0
img_7765486.jpg;7765486;C;35400.0;885.0;06-10-22;8928.0;1;3584.0
img_7765492.jpg;7765492;AA;45000.0;1125.0;01-07-25;11328.0;1;
img_7765498.jpg;7765498;BQ;50100.0;1252.5;08-12-23;12603.0;1;7618.0
img_7765500.jpg;7765500;BC;51000.0;1275.0;25-06-27;12828.0;1;3090.0
img_7765503.jpg;7765503;BC;30400.0;760.0;28-07-28;7678.0;1;3178.0
img_7765513.jpg;7765513;AC;46200.0;1155.0;24-02-22;11628.0;1;5035.0
img_7765516.jpg;7765516;B;28900.0;722.5;13-12-27;7303.0;1;6126.0
img_7765577.jpg;7765577;RE;32900.0;822.5;29-06-28;8303.0;1;2279.0
img_7765585.jpg;7765585;B;43300.0;1082.5;20-03-25;10903.0;1;3293.0
img_7765600.jpg;7765600;DA;36900.0;922.5;13-11-21;9303.0;1;5996.0
img_7765604.jpg;7765604;BQ;24300.0;607.5;03-10-27;6153.0;1;4071.0
img_7765610.jpg;7765610;BB;24700.0;617.5;22-01-22;6253.0;1;5090.0
img_7765611.jpg;7765611;BC;25400.0;635.0;12-10-26;6428.0;1;5647.0
img_7765649.jpg;7765649;AC;53200.0;1330.0;12-01-28;13378.0;1;4013.0
img_7765693.jpg;7765693;BQ;46800.0;1170.0;07-11-27;11778.0;1;9177.0
img_7765714.jpg;7765714;RE;30600.0;765.0;10-04-25;7728.0;1;5014.0
img_7765718.jpg;7765718;RE;30800.0;770.0;23-08-22;7778.0;1;6082.0
img_7765763.jpg;7765763;B;46500.0;1162.5;18-07-28;11703.0;1;3278.0
img_7765775.jpg;7765775;BC;52000.0;1300.0;30-01-28;13078.0;1;2510.0
img_7765785.jpg;7765785;RE;50200.0;1255.0;24-02-28;12628.0;1;2788.0
img_7765840.jpg;7765840;BB;42000.0;1050.0;17-04-23;10578.0;1;3958.0
img_7765851.jpg;7765851;AA;23500.0;587.5;25-06-24;5953.0;1;3208.0
img_7765858.jpg;7765858;O;;;29-11-26;;1;
img_7765866.jpg;7765866;BB;36400.0;910.0;07-10-22;9178.0;1;3878.0
img_7765876.jpg;7765876;C;28900.0;722.5;22-01-24;7303.0;1;1573.0
img_7765882.jpg;7765882;A;47800.0;1195.0;31-05-28;12028.0;1;6794.0
img_7765913.jpg;7765913;B;44500.0;1112.5;16-11-23;11203.0;1;5783.0
img_7765919.jpg;7765919;DA;37400.0;935.0;05-11-22;9428.0;1;6467.0
img_7765921.jpg;7765921;BQ;40000.0;1000.0;20-04-28;10078.0;1;5181.0
img_7765929.jpg;7765929;A;35900.0;897.5;01-05-28;9053.0;1;7005.0
img_7765945.jpg;7765945;BB;31200.0;780.0;12-10-24;7878.0;1;3931.0
img_7765953.jpg;7765953;RE;45900.0;1147.5;22-04-25;11553.0;1;3117.0
img_7765969.jpg;7765969;A;41100.0;1027.5;14-09-28;10353.0;1;6555.0
img_7765970.jpg;7765970;AC;23900.0;597.5;17-11-24;20830.68;0;0.0
img_7765978.jpg;7765978;B;32500.0;812.5;04-11-28;8203.0;1;3977.0
img_7766004.jpg;7766004;BB;33700.0;842.5;13-08-26;8503.0;1;5642.0
img_7766013.jpg;7766013;B;31200.0;780.0;13-03-24;7878.0;1;4305.0
img_7766015.jpg;7766015;AA;37400.0;935.0;14-07-27;9428.0;1;4796.0
img_7766017.jpg;7766017;BQ;45900.0;1147.5;24-01-24;11553.0;1;584.0
img_7766030.jpg;7766030;RE;27400.0;685.0;15-11-23;6928.0;1;8181.0
img_7766034.jpg;7766034;A;30800.0;770.0;30-03-24;7778.0;1;4345.0
img_7766040.jpg;7766040;BQ;51400.0;1285.0;23-01-22;12928.0;1;2653.0
img_7766056.jpg;7766056;AC;43200.0;1080.0;17-03-24;10878.0;1;3577.0
img_7766060.jpg;7766060;A;39000.0;975.0;04-12-28;9828.0;1;479.0
img_7766073.jpg;7766073;BB;;;25-09-25;;1;3563.0
img_7766083.jpg;7766083;BB;50600.0;1265.0;09-09-28;12728.0;1;2347.0
img_7766097.jpg;7766097;BC;49700.0;1242.5;08-04-25;12503.0;1;1222.0
img_7766098.jpg;7766098;A;35600.0;890.0;27-10-26;8978.0;1;3441.0
img_7766117.jpg;7766117;AA;29000.0;725.0;08-11-24;7328.0;1;2762.0
img_7766132.jpg;7766132;AA;40400.0;1010.0;24-06-22;10178.0;1;10709.0
img_7766166.jpg;7766166;DA;29500.0;737.5;20-04-27;7453.0;1;6261.0
img_7766179.jpg;7766179;AA;31500.0;787.5;13-11-23;7953.0;1;4354.0
img_7766198.jpg;7766198;C;31100.0;777.5;20-01-23;7853.0;1;4409.0
img_7766214.jpg;7766214;BB;28300.0;707.5;10-03-27;7153.0;1;297.0
img_7766221.jpg;7766221;A;32800.0;820.0;03-07-22;8278.0;1;861.0
img_7766226.jpg;7766226;B;49500.0;1237.5;04-06-25;12453.0;1;6554.0
img_7766227.jpg;7766227;BQ;39300.0;982.5;19-11-22;9903.0;1;3622.0
img_7766239.jpg;7766239;O;31000.0;775.0;10-10-27;7828.0;1;6346.0
img_7766243.jpg;7766243;B;29600.0;740.0;03-02-27;7478.0;1;5194.0
img_7766260.jpg;7766260;BB;37700.0;942.5;24-12-22;9503.0;1;7032.0
img_7766264.jpg;7766264;BB;39600.0;990.0;14-05-28;9978.0;1;597.0
img_7766266.jpg;7766266;DA;28600.0;715.0;05-04-22;7228.0;1;2452.0
img_7766274.jpg;7766274;BQ;46700.0;1167.5;13-09-26;11753.0;1;5800.0
img_7766289.jpg;7766289;C;34300.0;857.5;21-01-22;8653.0;1;4672.0
img_7766299.jpg;7766299;C;28700.0;717.5;14-08-27;7253.0;1;672.0
img_7766330.jpg;7766330;AA;44600.0;1115.0;14-03-24;11228.0;1;590.0
img_7766332.jpg;7766332;AC;;;27-09-27;;1;603.0
img_7766356.jpg;7766356;BB;33600.0;840.0;03-11-22;8478.0;1;5455.0
img_7766373.jpg;7766373;A;22800.0;570.0;21-11-24;5778.0;1;7141.0
img_7766400.jpg;7766400;O;26600.0;665.0;24-02-24;6728.0;1;2926.0
img_7766421.jpg;7766421;AA;49700.0;1242.5;02-03-22;12503.0;1;679.0
img_7766478.jpg;7766478;B;39400.0;985.0;29-04-26;9928.0;1;625.0
img_7766492.jpg;7766492;O;26000.0;650.0;22-08-27;6578.0;1;5330.0
img_7766505.jpg;7766505;BC;47100.0;1177.5;04-07-23;11853.0;1;3451.0
img_7766535.jpg;7766535;B;33500.0;837.5;03-01-22;8453.0;1;10554.0
img_7766536.jpg;7766536;AC;29300.0;732.5;19-12-26;7403.0;1;1994.0
img_7766559.jpg;7766559;B;30000.0;750.0;09-07-26;7578.0;1;2596.0
img_7766571.jpg;7766571;BB;39200.0;980.0;10-01-25;9878.0;1;6511.0
img_7766573.jpg;7766573;A;31200.0;780.0;18-10-22;7878.0;1;6141.0
img_7766611.jpg;7766611;B;29300.0;732.5;24-08-27;7403.0;1;6352.0
img_7766612.jpg;7766612;BB;46500.0;1162.5;09-11-28;11703.0;1;723.0
img_7766618.jpg;7766618;AC;51300.0;1282.5;08-06-23;12903.0;1;1058.0
img_7766622.jpg;7766622;B;33900.0;847.5;14-04-25;8553.0;1;817.0
img_7766630.jpg;7766630;A;49500.0;1237.5;30-06-22;12453.0;1;8941.0
img_7766640.jpg;7766640;A;27400.0;685.0;28-06-24;6928.0;1;2980.0
img_7766661.jpg;7766661;O;42000.0;1050.0;22-09-25;10578.0;1;5087.0
img_7766666.jpg;7766666;BB;41300.0;1032.5;26-10-27;10403.0;1;10466.0
img_7766691.jpg;7766691;AA;35400.0;885.0;09-10-24;8928.0;1;963.0
img_7766704.jpg;7766704;BC;27800.0;695.0;05-11-23;7028.0;1;5207.0
img_7766717.jpg;7766717;BC;45800.0;1145.0;21-09-25;11528.0;1;8058.0
img_7766719.jpg;7766719;AA;43900.0;1097.5;14-05-22;11053.0;1;3941.0
img_7766720.jpg;7766720;B;26100.0;652.5;20-08-26;6603.0;1;499.0
img_7766726.jpg;7766726;B;22700.0;567.5;20-03-22;5753.0;1;1258.0
img_7766733.jpg;7766733;A;34100.0;852.5;22-11-26;8603.0;1;424.0
img_7766738.jpg;7766738;AA;37400.0;935.0;27-05-24;9428.0;1;4786.0
img_7766740.jpg;7766740;BC;29300.0;732.5;19-11-27;7403.0;1;3549.0
img_7766741.jpg;7766741;O;;;31-01-28;;1;-999.0
img_7766747.jpg;7766747;DA;41800.0;1045.0;14-05-25;10528.0;1;305.0
img_7766789.jpg;7766789;BQ;45800.0;1145.0;16-08-24;11528.0;1;1935.0
img_7766798.jpg;7766798;B;33000.0;825.0;02-11-26;8328.0;1;6790.0
img_7766802.jpg;7766802;A;48600.0;1215.0;18-12-25;12228.0;1;5389.0
img_7766808.jpg;7766808;B;24500.0;612.5;05-09-27;6203.0;1;3181.0
img_7766818.jpg;7766818;B;29800.0;745.0;17-09-23;7528.0;1;5784.0
img_7766825.jpg;7766825;B;35100.0;877.5;09-09-23;8853.0;1;262.0
img_7766831.jpg;7766831;C;48900.0;1222.5;22-12-28;12303.0;1;6314.0
img_7766860.jpg;7766860;B;23600.0;590.0;09-12-24;5978.0;1;4254.0
img_7766870.jpg;7766870;B;26300.0;657.5;07-09-25;6653.0;1;5751.0
img_7766876.jpg;7766876;BQ;50600.0;1265.0;23-03-27;12728.0;1;2337.0
img_7766892.jpg;7766892;DA;31100.0;777.5;29-12-27;7853.0;1;4321.0
img_7766895.jpg;7766895;AA;30800.0;770.0;08-10-25;7778.0;1;6227.0
img_7766907.jpg;7766907;A;30300.0;757.5;14-06-25;7653.0;1;4642.0
img_7766913.jpg;7766913;O;33700.0;842.5;13-01-28;8503.0;1;2812.0
img_7766920.jpg;7766920;BC;24200.0;605.0;28-01-22;6128.0;1;3938.0
img_7766932.jpg;7766932;O;32500.0;812.5;18-07-23;8203.0;1;6142.0
img_7766934.jpg;7766934;AC;37600.0;940.0;11-06-27;9478.0;1;4442.0
img_7766946.jpg;7766946;AC;27200.0;680.0;19-03-24;6878.0;1;5463.0
img_7766995.jpg;7766995;AA;23100.0;577.5;18-02-23;5853.0;1;1391.0
img_7767017.jpg;7767017;AC;24900.0;622.5;17-07-26;6303.0;1;4631.0
img_7767062.jpg;7767062;A;28800.0;720.0;20-04-22;7278.0;1;3663.0
img_7767067.jpg;7767067;O;23800.0;595.0;26-03-22;6028.0;1;2666.0
img_7767135.jpg;7767135;B;52400.0;1310.0;04-04-22;13178.0;1;859.0
img_7767148.jpg;7767148;BC;35000.0;875.0;19-07-26;8828.0;1;4172.0
img_7767215.jpg;7767215;AC;38200.0;955.0;18-11-22;9628.0;1;3453.0
img_7767238.jpg;7767238;B;40200.0;1005.0;23-05-28;10128.0;1;6385.0
img_7767269.jpg;7767269;DA;45800.0;1145.0;20-08-28;11528.0;1;4789.0
img_7767272.jpg;7767272;DA;33500.0;837.5;21-10-28;8453.0;1;3516.0
img_7767281.jpg;7767281;DA;;;07-06-28;;1;513.0
img_7767299.jpg;7767299;A;25000.0;625.0;04-06-27;6328.0;1;5000.0
img_7767301.jpg;7767301;DA;;;04-04-24;;1;2719.0
img_7767311.jpg;7767311;A;40700.0;1017.5;29-09-22;10253.0;1;9724.0
img_7767352.jpg;7767352;AC;53000.0;1325.0;23-06-27;13328.0;1;5903.0
img_7767358.jpg;7767358;AA;41800.0;1045.0;18-01-25;10528.0;1;5754.0
img_7767360.jpg;7767360;BQ;22900.0;572.5;26-04-28;5803.0;1;9593.0
img_7767368.jpg;7767368;B;40100.0;1002.5;26-03-24;10103.0;1;5544.0
img_7767402.jpg;7767402;RE;53100.0;1327.5;26-09-26;13353.0;1;507.0
img_7767403.jpg;7767403;C;31200.0;780.0;03-12-21;7878.0;1;2793.0
img_7767408.jpg;7767408;DA;29500.0;737.5;17-12-28;7453.0;1;1316.0
img_7767420.jpg;7767420;AA;24900.0;622.5;30-12-27;6303.0;1;7381.0
img_7767424.jpg;7767424;BC;43500.0;1087.5;24-02-23;10953.0;1;4221.0
img_7767430.jpg;7767430;O;27800.0;695.0;04-08-26;7028.0;1;603.0
img_7767441.jpg;7767441;DA;31100.0;777.5;01-12-25;7853.0;1;5485.0
img_7767445.jpg;7767445;BQ;43600.0;1090.0;26-08-25;10978.0;1;554.0
img_7767450.jpg;7767450;DA;25000.0;625.0;19-04-25;6328.0;1;500.0
img_7767471.jpg;7767471;A;40400.0;1010.0;07-07-24;10178.0;1;4376.0
img_7767484.jpg;7767484;C;44000.0;1100.0;07-11-24;11078.0;1;5539.0
img_7767495.jpg;7767495;BB;32000.0;800.0;01-09-23;8078.0;1;
img_7767504.jpg;7767504;AA;35100.0;877.5;09-12-23;8853.0;1;3388.0
img_7767519.jpg;7767519;C;45600.0;1140.0;17-10-26;11478.0;1;4112.0
img_7767583.jpg;7767583;AC;52900.0;1322.5;29-07-25;13303.0;1;4410.0
img_7767634.jpg;7767634;BC;37500.0;937.5;01-11-28;9453.0;1;3470.0
img_7767655.jpg;7767655;DA;41000.0;1025.0;10-07-27;10328.0;1;8707.0
img_7767681.jpg;7767681;DA;;;28-05-26;;1;7983.0
img_7767708.jpg;7767708;AC;;;06-11-25;;1;7016.0
img_7767729.jpg;7767729;BC;27800.0;695.0;21-11-27;7028.0;1;6526.0
img_7767755.jpg;7767755;AC;27300.0;682.5;25-03-28;6903.0;1;2353.0
img_7767776.jpg;7767776;B;48300.0;1207.5;06-12-21;12153.0;1;7370.0
img_7767807.jpg;7767807;A;27100.0;677.5;21-05-25;6853.0;1;4069.0
img_7767831.jpg;7767831;O;37100.0;927.5;19-02-27;9353.0;1;3517.0
img_7767840.jpg;7767840;O;24000.0;600.0;01-03-22;6078.0;1;7287.0
img_7767844.jpg;7767844;BC;25200.0;630.0;22-02-28;6378.0;1;7831.0
img_7767857.jpg;7767857;O;47900.0;1197.5;21-06-25;12053.0;1;4683.0
img_7767858.jpg;7767858;AA;23000.0;575.0;05-10-25;5828.0;1;8330.0
img_7767860.jpg;7767860;O;31100.0;777.5;16-12-26;7853.0;1;10231.0
img_7767865.jpg;7767865;BQ;40000.0;1000.0;01-06-23;10078.0;1;2397.0
img_7767874.jpg;7767874;BC;35900.0;897.5;13-02-23;9053.0;1;6437.0
img_7767957.jpg;7767957;A;50400.0;1260.0;11-09-28;12678.0;1;1648.0
img_7767990.jpg;7767990;A;47000.0;1175.0;13-04-28;11828.0;1;3554.0
img_7767995.jpg;7767995;AA;32500.0;812.5;03-03-22;8203.0;1;59844.0
img_7768013.jpg;7768013;RE;42000.0;1050.0;25-05-24;10578.0;1;733.0
img_7768042.jpg;7768042;C;24000.0;600.0;07-11-28;6078.0;1;9881.0
img_7768048.jpg;7768048;AA;41400.0;1035.0;08-11-26;10428.0;1;7091.0
img_7768060.jpg;7768060;B;29000.0;725.0;05-02-22;7328.0;1;285.0
img_7768062.jpg;7768062;RE;26600.0;665.0;11-05-28;6728.0;1;3180.0
img_7768082.jpg;7768082;C;32000.0;800.0;15-10-27;8078.0;1;9647.0
img_7768090.jpg;7768090;RE;27500.0;687.5;31-10-26;6953.0;1;9249.0
img_7768100.jpg;7768100;AC;53000.0;1325.0;02-01-22;13328.0;1;4273.0
img_7768103.jpg;7768103;BQ;26500.0;662.5;14-03-25;6703.0;1;807.0
img_7768147.jpg;7768147;O;;;21-08-24;;1;7870.0
img_7768165.jpg;7768165;B;40300.0;1007.5;22-04-22;10153.0;1;5884.0
img_7768172.jpg;7768172;BC;25500.0;637.5;10-03-27;6453.0;1;9580.0
img_7768183.jpg;7768183;C;46800.0;1170.0;24-05-27;11778.0;1;3422.0
img_7768191.jpg;7768191;B;11100.0;277.5;06-12-27;2853.0;1;422.0
img_7768219.jpg;7768219;C;44200.0;1105.0;23-12-27;11128.0;1;1691.0
img_7768235.jpg;7768235;RE;28100.0;702.5;28-11-23;7103.0;1;6204.0
img_7768237.jpg;7768237;A;49600.0;1240.0;30-12-26;12478.0;1;6687.0
img_7768259.jpg;7768259;DA;;;14-01-24;;1;5553.0
img_7768274.jpg;7768274;DA;46600.0;1165.0;21-11-25;11728.0;1;4974.0
img_7768285.jpg;7768285;BB;29000.0;725.0;25-03-23;7328.0;1;7525.0
img_7768302.jpg;7768302;O;30200.0;755.0;05-04-23;7628.0;1;4138.0
img_7768310.jpg;7768310;AA;43200.0;1080.0;07-09-26;10878.0;1;5764.0
img_7768334.jpg;7768334;BC;53500.0;1337.5;20-06-24;13453.0;1;4701.0
img_7768342.jpg;7768342;C;36400.0;910.0;04-07-24;9178.0;1;5604.0
img_7768372.jpg;7768372;A;33500.0;837.5;02-08-22;8453.0;1;7699.0
img_7768376.jpg;7768376;B;46100.0;1152.5;07-08-25;11603.0;1;3418.0
img_7768415.jpg;7768415;AA;46600.0;1165.0;27-09-22;11728.0;1;3925.0
img_7768431.jpg;7768431;A;;;03-08-23;;1;4243.0
img_7768446.jpg;7768446;C;26500.0;662.5;20-01-22;6703.0;1;665.0
img_7768476.jpg;7768476;AC;23100.0;577.5;23-07-22;20134.68;0;0.0
img_7768493.jpg;7768493;DA;;;08-11-25;;1;3922.0
img_7768500.jpg;7768500;DA;26800.0;670.0;30-10-26;6778.0;1;5394.0
img_7768558.jpg;7768558;B;26500.0;662.5;22-02-28;6703.0;1;2954.0
img_7768562.jpg;7768562;B;36600.0;915.0;27-09-26;9228.0;1;5154.0
img_7768568.jpg;7768568;DA;46600.0;1165.0;22-03-24;11728.0;1;344.0
img_7768574.jpg;7768574;AA;24600.0;615.0;15-11-21;6228.0;1;3423.0
img_7768586.jpg;7768586;BQ;50800.0;1270.0;12-11-27;12778.0;1;5797.0
img_7768590.jpg;7768590;AC;37600.0;940.0;27-01-27;9478.0;1;10704.0
img_7768598.jpg;7768598;RE;30300.0;757.5;25-04-27;7653.0;1;4465.0
img_7768601.jpg;7768601;B;45600.0;1140.0;18-01-24;11478.0;1;4215.0
img_7768622.jpg;7768622;B;27800.0;695.0;30-07-27;7028.0;1;5555.0
img_7768625.jpg;7768625;BQ;24800.0;620.0;02-06-26;21613.68;0;0.0
img_7768667.jpg;7768667;B;46400.0;1160.0;20-12-25;11678.0;1;4648.0
img_7768700.jpg;7768700;O;52900.0;1322.5;15-08-27;13303.0;1;5794.0
img_7768709.jpg;7768709;O;53000.0;1325.0;18-05-27;13328.0;1;5316.0
img_7768710.jpg;7768710;BC;46500.0;1162.5;20-12-26;11703.0;1;5555.0
img_7768712.jpg;7768712;BB;50100.0;1252.5;18-08-25;12603.0;1;7423.0
img_7768728.jpg;7768728;BC;;;21-11-22;;1;2801.0
img_7768734.jpg;7768734;AA;45100.0;1127.5;05-01-24;11353.0;1;7862.0
img_7768761.jpg;7768761;O;27500.0;687.5;05-09-23;6953.0;1;3266.0
img_7768762.jpg;7768762;O;36100.0;902.5;18-02-28;9103.0;1;4434.0
img_7768786.jpg;7768786;A;46000.0;1150.0;16-11-23;11578.0;1;8713.0
img_7768800.jpg;7768800;RE;53500.0;1337.5;19-01-26;13453.0;1;1144.0
img_7768830.jpg;7768830;AC;39200.0;980.0;18-07-25;9878.0;1;9765.0
img_7768831.jpg;7768831;BC;52800.0;1320.0;01-07-22;13278.0;1;8746.0
img_7768834.jpg;7768834;O;33400.0;835.0;16-12-24;8428.0;1;941.0
img_7768835.jpg;7768835;BQ;37900.0;947.5;28-05-24;9553.0;1;991.0
img_7768837.jpg;7768837;RE;44300.0;1107.5;13-11-24;11153.0;1;6554.0
img_7768859.jpg;7768859;DA;40800.0;1020.0;27-01-28;10278.0;1;835.0
img_7768866.jpg;7768866;A;45000.0;1125.0;25-05-28;11328.0;1;544.0
img_7768888.jpg;7768888;BC;29200.0;730.0;11-02-26;7378.0;1;5036.0
img_7768905.jpg;7768905;A;48800.0;1220.0;21-08-22;12278.0;1;7298.0
img_7768927.jpg;7768927;RE;30100.0;752.5;11-04-24;7603.0;1;2813.0
img_7768936.jpg;7768936;C;;;21-03-27;;1;5592.0
img_7768949.jpg;7768949;B;46000.0;1150.0;30-05-28;11578.0;1;4630.0
img_7768950.jpg;7768950;BC;33800.0;845.0;22-01-23;8528.0;1;5340.0
img_7768951.jpg;7768951;A;27400.0;685.0;26-10-24;6928.0;1;1303.0
img_7768963.jpg;7768963;A;27200.0;680.0;12-04-27;6878.0;1;4740.0
img_7768974.jpg;7768974;BC;38800.0;970.0;13-07-28;9778.0;1;5948.0
img_7768981.jpg;7768981;DA;40400.0;1010.0;28-11-24;10178.0;1;690.0
img_7768988.jpg;7768988;BB;24000.0;600.0;29-01-24;6078.0;1;713.0
img_7769000.jpg;7769000;B;29400.0;735.0;15-12-22;7428.0;1;626.0